//地图id,刷怪坐标x,刷怪坐标y,刷怪x坐标范围,刷怪y坐标范围,刷怪数量,刷怪时间[秒],怪物id,初始方向[8.为随机方向]
#mapid,bound_x,bound_y,bound_cx,bound_cy,amount,time,monsterid,dir
//,,,,,,,,
//卡诺萨城刷怪,,,,,,,,
1000,1323,1110,39,67,8,10,1040,8
1000,1288,1048,26,58,8,10,1040,8
1000,1255,973,35,62,8,10,1040,8
1000,1240,908,43,42,8,10,1040,8
1000,1288,869,26,31,8,10,1040,8
1000,1465,1033,11,17,8,10,1040,8
1000,1414,1005,26,21,8,10,1040,8
1000,1327,991,46,42,8,10,1040,8
1000,1331,956,36,22,8,10,1040,8
1000,1333,937,50,11,8,10,1040,8
1000,1348,917,17,16,8,10,1040,8
1000,1367,951,33,49,8,10,1040,8
1000,1404,976,16,25,8,10,1040,8
1000,1423,987,9,13,8,10,1040,8
1000,1383,1007,17,24,8,10,1040,8
1000,1328,895,14,38,8,10,1040,8
1000,1300,917,27,51,8,10,1040,8
1000,1303,976,22,49,8,10,1040,8
1000,1325,1031,62,63,8,10,1040,8
1000,1382,1107,31,36,8,10,1040,8
1000,1394,1060,30,39,8,10,1040,8
1000,1431,1068,31,36,8,10,1040,8
1000,1466,1062,18,18,8,10,1040,8
1000,1441,1042,20,21,8,10,1040,8
1000,1445,1012,15,28,8,10,1040,8
1000,840,825,18,21,8,10,1030,8
1000,844,859,15,19,8,10,1030,8
1000,880,882,14,11,8,10,1030,8
1000,875,903,16,17,8,10,1030,8
1000,938,910,15,19,8,10,1030,8
1000,950,896,20,15,8,10,1030,8
1000,909,926,30,35,8,10,1030,8
1000,1176,970,27,34,8,10,1030,8
1000,1272,1174,23,44,8,10,1030,8
1000,1237,1115,31,27,8,10,1030,8
1000,1182,1082,42,28,8,10,1030,8
1000,1177,1021,36,48,8,10,1030,8
1000,1188,1209,43,19,8,10,1030,8
1000,1219,1157,40,30,8,10,1030,8
1000,1221,1242,54,48,8,10,1030,8
1000,1113,1358,43,50,8,10,1030,8
1000,1134,1311,72,47,8,10,1030,8
1000,1146,1186,31,31,8,10,1030,8
1000,1154,1125,37,30,8,10,1030,8
1000,1163,1247,44,41,8,10,1030,8
1000,1126,1258,23,40,8,10,1030,8
1000,1192,892,26,36,8,10,1030,8
1000,1241,808,30,49,8,10,1030,8
1000,1206,792,29,49,8,10,1030,8
1000,1186,827,45,28,8,10,1030,8
1000,1158,835,20,67,8,10,1030,8
1000,1159,784,18,41,8,10,1030,8
1000,1152,736,20,27,8,10,1030,8
1000,1120,709,27,64,8,10,1030,8
1000,1105,780,51,35,8,10,1030,8
1000,967,677,27,20,8,10,1020,8
1000,997,643,51,32,8,10,1020,8
1000,994,582,36,43,8,10,1020,8
1000,959,594,26,72,8,10,1020,8
1000,932,537,53,48,8,10,1020,8
1000,793,369,34,52,8,10,1020,8
1000,765,340,21,30,8,10,1020,8
1000,899,731,61,23,8,10,1020,8
1000,841,716,47,34,8,10,1020,8
1000,785,710,43,33,8,10,1020,8
1000,760,790,38,17,8,10,1020,8
1000,698,796,49,54,8,10,1020,8
1000,742,426,21,36,8,10,1010,8
1000,469,122,20,31,8,10,1010,8
1000,457,74,31,27,8,10,1010,8
1000,393,60,56,19,8,10,1010,8
1000,373,90,39,30,8,10,1010,8
1000,886,697,44,26,8,10,1010,8
1000,677,635,58,37,8,10,1010,8
1000,633,698,37,48,8,10,1010,8
1000,564,715,51,41,8,10,1010,8
1000,655,591,31,19,8,10,1010,8
1000,574,661,36,45,8,10,1010,8
1000,520,719,33,52,8,10,1010,8
1000,603,592,36,32,8,10,1010,8
1000,520,651,41,49,8,10,1010,8
1000,561,609,31,40,8,10,1010,8
1000,626,439,33,39,8,10,1010,8
1000,620,530,33,34,8,10,1010,8
1000,585,488,36,35,8,10,1010,8
1000,578,430,41,42,8,10,1010,8
1000,580,371,32,41,8,10,1010,8
1000,535,312,52,85,8,10,1010,8
1000,343,240,28,19,8,10,1010,8
1000,379,214,25,32,8,10,1010,8
1000,549,564,35,32,8,10,1010,8
1000,516,593,34,47,8,10,1010,8
1000,471,683,36,52,8,10,1010,8
1000,451,747,35,29,8,10,1010,8
1000,415,748,31,111,8,10,1010,8
1000,374,789,40,34,8,10,1010,8
1000,705,295,23,23,8,10,1010,8
1000,682,353,47,28,8,10,1010,8
1000,646,394,42,28,8,10,1010,8
1000,692,386,75,32,8,10,1010,8
1000,678,431,54,49,8,10,1010,8
1000,707,483,53,64,8,10,1010,8
1000,715,583,51,34,8,10,1010,8
1000,753,628,48,42,8,10,1010,8
1000,767,564,44,55,8,10,1010,8
1000,665,512,26,48,8,10,1010,8
1000,937,695,18,25,8,10,1010,8
1000,906,593,43,89,8,10,1010,8
1000,860,595,28,39,8,10,1010,8
1000,825,592,25,36,8,10,1010,8
1000,820,643,33,33,8,10,1010,8
1000,347,157,64,28,8,10,1010,8
1000,428,171,31,44,8,10,1010,8
1000,473,208,31,74,8,10,1010,8
1000,485,171,37,50,8,10,1010,8
1000,526,237,37,52,8,10,1010,8
1000,578,277,39,28,8,10,1010,8
1000,605,311,39,33,8,10,1010,8
1000,641,288,56,32,8,10,1010,8
1000,626,348,46,37,8,10,1010,8
1000,650,324,82,21,8,10,1010,8
1000,151,520,16,36,8,10,1000,8
1000,149,575,19,22,8,10,1000,8
1000,129,537,25,43,8,10,1000,8
1000,477,551,65,30,8,10,1000,8
1000,383,744,26,35,8,10,1000,8
1000,338,747,37,35,8,10,1000,8
1000,463,634,44,37,8,10,1000,8
1000,443,575,60,54,8,10,1000,8
1000,478,497,74,40,8,10,1000,8
1000,382,256,28,31,8,10,1000,8
1000,485,305,40,35,8,10,1000,8
1000,496,439,46,47,8,10,1000,8
1000,488,386,36,41,8,10,1000,8
1000,446,351,37,30,8,10,1000,8
1000,425,393,50,91,8,10,1000,8
1000,423,492,33,72,8,10,1000,8
1000,424,628,31,39,8,10,1000,8
1000,418,683,46,63,8,10,1000,8
1000,302,717,77,24,8,10,1000,8
1000,381,430,45,49,8,10,1000,8
1000,397,399,60,57,8,10,1000,8
1000,312,395,1,1,1,10,121,8
1000,336,383,1,1,1,10,121,8
1000,317,430,1,1,1,10,121,8
1000,310,430,1,1,1,10,121,8
1000,266,419,1,1,1,10,121,8
1000,152,420,1,1,1,10,121,8
1000,187,391,1,1,1,10,121,8
1000,147,368,1,1,1,10,121,8
1000,135,391,1,1,1,10,121,8
1000,201,344,1,1,1,10,121,8
1000,232,377,1,1,1,10,121,8
1000,168,456,1,1,1,10,121,8
1000,158,456,1,1,1,10,121,8
1000,201,433,1,1,1,10,121,8
1000,228,420,1,1,1,10,121,8
1000,228,411,1,1,1,10,121,8
1000,368,423,1,1,1,10,121,8
1000,374,439,1,1,1,10,121,8
1000,1488,1056,1,1,1,10,121,8
1000,1475,1054,1,1,1,10,121,8
1000,288,381,1,1,1,10,121,8
1000,218,378,1,1,1,10,121,8
1000,190,363,1,1,1,10,121,8
1000,160,390,1,1,1,10,121,8
1000,248,338,1,1,1,10,121,8
1000,134,378,1,1,1,10,121,8
1000,292,431,1,1,1,10,121,8
1000,325,400,1,1,1,10,121,8
1000,368,417,1,1,1,10,121,8
1000,202,351,1,1,1,10,121,8
1000,324,370,1,1,1,10,121,8
1000,274,396,1,1,1,10,121,8
1000,167,390,1,1,1,10,121,8
1000,300,357,1,1,1,10,121,8
1000,152,455,1,1,1,10,121,8
1000,174,455,1,1,1,10,121,8
1000,187,412,1,1,1,10,121,8
1000,860,501,1,1,1,10,121,8
1000,843,500,1,1,1,10,121,8
1000,1421,1117,1,1,1,10,110,8
1000,1349,1171,1,1,1,10,110,8
1000,1218,1113,1,1,1,10,110,8
1000,1151,1027,1,1,1,10,110,8
1000,1089,980,1,1,1,10,110,8
1000,1035,907,1,1,1,10,110,8
1000,965,875,1,1,1,10,110,8
1000,331,430,1,1,1,10,121,8
1000,280,430,1,1,1,10,121,8
1000,324,430,1,1,1,10,121,8
1000,341,440,1,1,1,10,121,8
//树心城--,,,,,,,,
2010,728,417,22,99,1,3200,2043,8
2010,728,417,22,99,1,2200,2042,8
2010,728,417,22,99,1,1600,2041,8
2010,823,365,17,27,10,25,2040,8
2010,804,346,16,16,10,25,2040,8
2010,790,333,20,25,10,25,2040,8
2010,728,417,21,98,10,25,2040,8
2010,736,380,118,19,10,25,2040,8
2010,828,399,13,100,10,25,2040,8
2010,766,481,100,13,10,25,2040,8
2010,759,420,94,86,10,25,2040,8
2010,778,711,25,24,10,25,2040,8
2010,742,745,30,31,10,25,2040,8
2010,736,667,151,167,10,25,2040,8
2010,942,612,36,26,10,25,2040,8
2010,873,549,48,80,10,25,2040,8
2010,699,250,170,27,10,25,2040,8
2010,901,643,36,69,10,25,2040,8
2010,849,635,52,108,10,25,2040,8
2010,719,581,157,50,10,25,2040,8
2010,717,821,64,64,10,25,2040,8
2010,566,845,64,92,1,2850,2033,8
2010,566,845,64,92,1,1850,2032,8
2010,566,845,64,92,1,1250,2031,8
2010,596,963,24,24,10,25,2030,8
2010,613,936,49,35,10,25,2030,8
2010,566,845,63,91,1,25,2030,8
2010,509,941,79,50,10,25,2030,8
2010,453,804,125,43,10,25,2030,8
2010,388,806,34,80,10,25,2030,8
2010,575,944,34,80,10,25,2030,8
2010,528,981,56,36,10,25,2030,8
2010,479,934,31,31,10,25,2030,8
2010,488,849,119,73,10,25,2030,8
2010,533,506,149,158,1,2850,2023,8
2010,533,506,149,158,1,1850,2022,8
2010,533,506,149,158,1,1250,2021,8
2010,516,458,120,47,10,25,2020,8
2010,433,530,164,34,10,25,2020,8
2010,533,506,148,157,10,25,2020,8
2010,319,546,36,102,10,25,2020,8
2010,396,635,86,69,10,25,2020,8
2010,479,671,264,60,10,25,2020,8
2010,374,746,48,57,10,25,2020,8
2010,362,639,33,87,10,25,2020,8
2010,502,585,48,132,10,25,2020,8
2010,413,582,106,55,10,25,2020,8
2010,363,346,133,139,1,3700,2013,8
2010,363,346,133,139,1,2700,2012,8
2010,295,262,44,46,1,2650,2012,8
2010,201,357,36,37,1,2600,2012,8
2010,254,642,47,17,1,2550,2012,8
2010,363,346,133,139,1,2100,2011,8
2010,363,346,132,138,10,25,2010,8
2010,295,262,43,45,10,25,2010,8
2010,201,357,35,36,10,25,2010,8
2010,254,642,46,16,10,25,2010,8
2010,282,566,19,90,10,25,2010,8
2010,290,514,36,80,10,25,2010,8
2010,163,634,35,27,10,25,2010,8
2010,355,793,22,60,10,25,2010,8
2010,288,762,29,23,10,25,2010,8
2010,322,739,29,76,10,25,2010,8
2010,278,689,35,38,10,25,2010,8
2010,206,687,19,17,10,25,2010,8
2010,221,608,35,14,10,25,2010,8
2010,211,605,27,40,10,25,2010,8
2010,212,579,77,22,10,25,2010,8
2010,217,283,127,204,10,25,2010,8
2010,140,367,66,59,10,25,2010,8
2010,47,460,19,19,10,25,2010,8
2010,25,484,39,39,10,25,2010,8
2010,261,732,56,27,10,25,2010,8
2010,230,688,43,40,10,25,2010,8
2010,242,606,50,27,10,25,2010,8
2010,221,495,43,79,10,25,2010,8
2010,130,578,76,50,10,25,2010,8
2010,72,430,135,140,10,25,2010,8
2010,633,281,69,258,1,3000,2003,8
2010,437,253,36,47,1,2150,2002,8
2010,378,266,61,83,1,2100,2002,8
2010,524,303,145,101,1,2050,2002,8
2010,633,281,69,258,1,2000,2002,8
2010,633,281,69,258,1,1400,2001,8
2010,437,253,35,46,10,25,2000,8
2010,378,266,60,82,10,25,2000,8
2010,524,303,144,100,10,25,2000,8
2010,517,154,1,1,1,25,110,8
2010,528,154,1,1,1,25,110,8
2010,529,970,1,1,1,25,110,8
2010,509,31,1,1,1,25,110,8
2010,505,34,1,1,1,25,110,8
2010,529,960,1,1,1,25,110,8
2010,529,968,1,1,1,25,110,8
2010,621,881,1,1,1,25,110,8
2010,621,870,1,1,1,25,110,8
2010,454,853,70,70,10,25,2030,8
2010,483,266,1,1,1,25,110,8
2010,490,360,1,1,1,25,110,8
2010,536,507,1,1,1,25,110,8
2010,621,634,1,1,1,25,110,8
2010,728,656,1,1,1,25,110,8
2010,736,644,1,1,1,25,110,8
2010,914,461,1,1,1,25,110,8
2010,804,347,1,1,1,25,110,8
2010,694,235,1,1,1,25,110,8
2010,1004,587,1,1,1,25,110,8
2010,475,220,300,300,1,1800,40001,8
2010,530,575,300,300,1,1800,40001,8
2010,530,800,300,300,1,1800,40001,8
//砺风戈壁,,,,,,,,
3000,224,492,1,1,1,25,126,8
3000,195,377,1,1,1,25,105,8
3000,209,492,1,1,1,25,126,8
3000,203,492,1,1,1,25,126,8
3000,839,964,15,35,1,2750,3043,8
3000,722,1027,39,35,1,1950,3042,8
3000,690,942,54,80,1,1250,3041,8
3000,737,1072,36,35,1,3200,3033,8
3000,737,1072,36,35,1,2200,3032,8
3000,591,897,77,123,1,1650,3031,8
3000,622,875,22,20,10,25,3030,8
3000,698,855,33,17,10,25,3030,8
3000,652,840,25,51,10,25,3030,8
3000,591,897,76,122,10,25,3030,8
3000,737,1072,35,34,10,25,3030,8
3000,708,1045,19,17,10,25,3030,8
3000,699,1034,18,15,10,25,3030,8
3000,683,1019,19,16,10,25,3030,8
3000,863,1043,100,219,10,25,3030,8
3000,755,1077,134,174,10,25,3030,8
3000,981,1186,36,49,10,25,3030,8
3000,995,1029,21,89,10,25,3030,8
3000,955,972,19,288,10,25,3030,8
3000,904,950,53,344,10,25,3030,8
3000,868,866,65,51,10,25,3030,8
3000,880,848,45,41,10,25,3030,8
3000,842,839,26,61,10,25,3030,8
3000,808,810,27,74,10,25,3030,8
3000,734,781,68,101,10,25,3030,8
3000,1004,797,82,68,1,3350,3023,8
3000,1112,980,134,27,1,2200,3022,8
3000,1129,923,102,80,1,1800,3021,8
3000,1129,923,101,79,10,25,3020,8
3000,1004,797,81,67,10,25,3020,8
3000,1096,771,89,73,10,25,3020,8
3000,1149,993,69,35,10,25,3020,8
3000,1112,980,133,26,10,25,3020,8
3000,1095,952,186,16,10,25,3020,8
3000,1066,903,225,40,10,25,3020,8
3000,1075,906,225,40,10,25,3020,8
3000,1019,773,17,114,10,25,3020,8
3000,1054,773,218,120,10,25,3020,8
3000,819,613,45,152,10,25,3020,8
3000,844,569,19,72,10,25,3020,8
3000,1015,686,50,40,10,25,3020,8
3000,987,655,66,64,10,25,3020,8
3000,896,771,57,34,10,25,3020,8
3000,809,703,28,47,10,25,3020,8
3000,801,653,31,24,10,25,3020,8
3000,852,512,53,44,10,25,3020,8
3000,834,563,155,209,10,25,3020,8
3000,293,149,124,40,1,2850,3013,8
3000,376,70,146,87,1,1900,3012,8
3000,638,305,178,197,1,1200,3011,8
3000,356,89,91,56,10,25,3010,8
3000,353,315,118,628,1,3000,3003,8
3000,451,668,192,121,1,1900,3002,8
3000,406,735,117,120,1,1250,3001,8
3000,273,234,74,74,10,25,3000,8
3000,353,315,117,627,10,25,3000,8
3000,535,592,183,147,10,25,3000,8
3000,451,668,191,120,10,25,3000,8
3000,406,735,116,119,10,25,3000,8
3000,385,440,112,213,10,25,3000,8
3000,284,511,95,69,10,25,3000,8
3000,272,597,119,129,10,25,3000,8
3000,221,507,33,38,10,25,3000,8
3000,220,540,3,36,10,25,3000,8
3000,185,516,27,28,10,25,3000,8
3000,29,370,61,79,10,25,3000,8
3000,289,96,19,19,1,60,40004,8
3000,318,108,20,20,1,60,40004,8
3000,344,389,1,1,1,25,126,8
3000,224,319,1,1,1,25,126,8
3000,288,440,1,1,1,25,126,8
3000,276,423,1,1,1,25,126,8
3000,306,412,1,1,1,25,126,8
3000,270,451,1,1,1,25,126,8
3000,222,345,1,1,1,25,127,8
3000,231,492,1,1,1,25,126,8
3000,225,410,1,1,1,25,126,8
3000,225,423,1,1,1,25,126,8
3000,225,439,1,1,1,25,126,8
3000,198,399,1,1,1,25,126,8
3000,175,332,1,1,1,25,126,8
3000,216,335,1,1,1,25,126,8
3000,288,425,1,1,1,25,126,8
3000,297,482,1,1,1,25,126,8
3000,262,407,1,1,1,25,126,8
3000,301,345,1,1,1,25,126,8
3000,243,353,1,1,1,25,126,8
3000,336,321,1,1,1,25,126,8
3000,316,434,1,1,1,25,126,8
3000,253,382,1,1,1,25,126,8
3000,177,419,1,1,1,25,126,8
3000,158,366,1,1,1,25,126,8
3000,235,338,1,1,1,25,126,8
3000,312,454,1,1,1,25,126,8
3000,206,409,1,1,1,25,126,8
3000,199,360,1,1,1,25,126,8
3000,206,440,1,1,1,25,126,8
3000,123,375,1,1,1,25,126,8
3000,246,394,1,1,1,25,126,8
3000,158,353,1,1,1,25,126,8
3000,133,336,1,1,1,25,126,8
3000,112,329,1,1,1,25,126,8
3000,186,429,1,1,1,25,126,8
3000,120,303,1,1,1,25,126,8
3000,206,327,1,1,1,25,126,8
3000,213,311,1,1,1,25,126,8
3000,191,303,1,1,1,25,126,8
3000,212,454,1,1,1,25,126,8
3000,220,454,1,1,1,25,126,8
3000,197,265,1,1,1,25,128,8
3000,194,278,1,1,1,25,128,8
3000,924,1290,1,1,1,25,128,8
3000,934,1280,1,1,1,25,128,8
3000,308,105,10,10,1,600,40003,8
3000,317,107,25,20,10,60,40004,8
3000,206,422,1,1,1,25,127,8
3000,196,238,1,1,1,25,110,8
3000,300,300,1,1,1,25,110,8
3000,502,854,1,1,1,25,110,8
3000,521,854,1,1,1,25,110,8
3000,755,750,1,1,1,25,110,8
3000,974,876,1,1,1,25,110,8
3000,980,940,1,1,1,25,110,8
3000,175,396,1,1,1,25,126,8
3000,165,388,1,1,1,25,126,8
3000,153,402,1,1,1,25,126,8
3000,162,415,1,1,1,25,126,8
3000,170,406,1,1,1,25,126,8
3000,183,406,1,1,1,25,126,8
3000,626,733,300,300,1,1800,40001,8
3000,825,625,300,300,1,1800,40001,8
3000,470,630,300,300,1,1800,40001,8
//亚维特岛,,,,,,,,
5000,868,1217,15,19,10,25,5010,8
5000,790,1244,22,20,10,25,5010,8
5000,1241,1439,39,27,10,25,5010,8
5000,902,865,9,23,10,25,5010,8
5000,904,943,12,27,10,25,5010,8
5000,835,943,45,37,10,25,5010,8
5000,821,858,53,57,10,25,5010,8
5000,835,728,31,44,10,25,5010,8
5000,999,1224,42,23,10,25,5010,8
5000,943,1195,28,33,10,25,5010,8
5000,978,1279,48,29,10,25,5010,8
5000,790,1125,34,22,10,25,5010,8
5000,718,1130,22,30,10,25,5010,8
5000,850,1173,50,33,10,25,5010,8
5000,768,1189,28,42,10,25,5010,8
5000,824,1355,21,19,10,25,5010,8
5000,898,1240,55,31,10,25,5010,8
5000,840,1313,42,34,10,25,5010,8
5000,916,1328,37,53,10,25,5010,8
5000,980,1377,36,31,10,25,5010,8
5000,1072,1385,50,38,10,25,5010,8
5000,1066,1289,45,34,10,25,5010,8
5000,1058,1189,38,32,10,25,5010,8
5000,1070,1244,41,23,10,25,5010,8
5000,1134,1272,47,48,10,25,5010,8
5000,1153,1368,48,41,10,25,5010,8
5000,1124,1443,40,38,10,25,5010,8
5000,1196,1443,28,33,10,25,5010,8
5000,1251,1452,24,15,10,25,5010,8
5000,1229,1350,55,58,10,25,5010,8
5000,1204,1284,45,42,10,25,5010,8
5000,1133,1217,44,28,10,25,5010,8
5000,1169,1165,26,34,10,25,5010,8
5000,1212,1217,51,47,10,25,5010,8
5000,1299,1288,47,31,10,25,5010,8
5000,1289,1213,66,38,10,25,5010,8
5000,1331,1280,30,53,10,25,5010,8
5000,1340,1359,56,55,10,25,5010,8
5000,1309,1439,43,47,10,25,5010,8
5000,661,1061,31,31,10,25,5010,8
5000,622,1064,30,29,10,25,5010,8
5000,611,1000,42,39,10,25,5010,8
5000,685,993,32,47,10,25,5010,8
5000,752,931,43,30,10,25,5010,8
5000,772,1014,31,32,10,25,5010,8
5000,766,1075,45,21,10,25,5010,8
5000,840,1105,32,52,10,25,5010,8
5000,828,1058,27,26,10,25,5010,8
5000,862,1005,12,17,10,25,5010,8
5000,744,857,46,44,10,25,5010,8
5000,807,839,41,66,10,25,5010,8
5000,873,873,38,47,10,25,5010,8
5000,799,786,40,32,10,25,5010,8
5000,833,827,31,44,10,25,5010,8
5000,909,825,45,20,10,25,5010,8
5000,920,770,33,28,10,25,5010,8
5000,990,837,40,31,10,25,5010,8
5000,1077,889,24,21,10,25,5010,8
5000,1034,918,24,34,10,25,5010,8
5000,1126,919,27,25,10,25,5010,8
5000,1267,1057,25,15,10,25,5010,8
5000,1222,982,59,59,10,25,5010,8
5000,1190,928,24,21,10,25,5010,8
5000,266,438,10,17,10,25,5020,8
5000,220,490,13,22,10,25,5020,8
5000,348,569,11,23,10,25,5020,8
5000,427,636,19,23,10,25,5020,8
5000,481,851,24,29,10,25,5020,8
5000,524,918,19,24,10,25,5020,8
5000,694,705,18,27,10,25,5020,8
5000,637,649,22,13,10,25,5020,8
5000,594,628,22,27,10,25,5020,8
5000,624,702,25,32,10,25,5020,8
5000,681,770,40,34,10,25,5020,8
5000,743,741,21,28,10,25,5020,8
5000,754,687,35,30,10,25,5020,8
5000,692,641,25,22,10,25,5020,8
5000,639,605,23,18,10,25,5020,8
5000,597,590,23,19,10,25,5020,8
5000,602,783,34,37,10,25,5020,8
5000,674,829,29,31,10,25,5020,8
5000,667,888,34,33,10,25,5020,8
5000,673,948,12,18,10,25,5020,8
5000,617,924,34,26,10,25,5020,8
5000,570,897,22,26,10,25,5020,8
5000,531,871,16,32,10,25,5020,8
5000,619,880,15,24,10,25,5020,8
5000,572,845,35,25,10,25,5020,8
5000,531,785,30,34,10,25,5020,8
5000,463,718,32,15,10,25,5020,8
5000,551,661,29,28,10,25,5020,8
5000,631,615,26,26,10,25,5020,8
5000,501,594,12,28,10,25,5020,8
5000,457,660,50,33,10,25,5020,8
5000,489,713,33,29,10,25,5020,8
5000,475,755,41,26,10,25,5020,8
5000,505,814,13,22,10,25,5020,8
5000,424,788,43,20,10,25,5020,8
5000,422,747,24,26,10,25,5020,8
5000,553,948,34,36,10,25,5020,8
5000,468,890,31,30,10,25,5020,8
5000,448,833,36,32,10,25,5020,8
5000,383,815,25,27,10,25,5020,8
5000,336,731,41,50,10,25,5020,8
5000,305,427,37,20,10,25,5020,8
5000,255,475,22,38,10,25,5020,8
5000,285,533,11,27,10,25,5020,8
5000,294,577,15,14,10,25,5020,8
5000,332,598,15,18,10,25,5020,8
5000,384,609,25,33,10,25,5020,8
5000,385,666,38,31,10,25,5020,8
5000,304,668,42,34,10,25,5020,8
5000,224,685,23,35,10,25,5020,8
5000,261,608,32,45,10,25,5020,8
5000,258,540,20,41,10,25,5020,8
5000,221,440,19,57,10,25,5020,8
5000,188,534,34,38,10,25,5020,8
5000,197,603,27,29,10,25,5020,8
5000,167,660,33,36,10,25,5020,8
5000,1272,980,15,20,10,25,5030,8
5000,993,695,15,22,10,25,5030,8
5000,1049,731,23,16,10,25,5030,8
5000,1213,782,16,24,10,25,5030,8
5000,1123,748,26,15,10,25,5030,8
5000,1019,641,14,23,10,25,5030,8
5000,851,576,23,15,10,25,5030,8
5000,816,636,24,21,10,25,5030,8
5000,736,599,19,21,10,25,5030,8
5000,586,314,24,22,10,25,5030,8
5000,634,248,38,30,10,25,5030,8
5000,581,187,27,18,10,25,5030,8
5000,560,236,27,28,10,25,5030,8
5000,517,301,21,20,10,25,5030,8
5000,763,546,18,17,10,25,5030,8
5000,1039,764,16,15,10,25,5030,8
5000,1053,741,15,14,10,25,5030,8
5000,995,705,17,18,10,25,5030,8
5000,933,630,40,69,10,25,5030,8
5000,880,548,29,25,10,25,5030,8
5000,1211,919,45,27,10,25,5030,8
5000,1163,850,31,38,10,25,5030,8
5000,1220,783,10,20,10,25,5030,8
5000,1164,792,34,34,10,25,5030,8
5000,1150,762,15,11,10,25,5030,8
5000,1116,746,9,12,10,25,5030,8
5000,1088,692,31,18,10,25,5030,8
5000,1030,654,39,34,10,25,5030,8
5000,1003,585,39,36,10,25,5030,8
5000,1019,541,44,26,10,25,5030,8
5000,904,456,24,15,10,25,5030,8
5000,898,488,17,30,10,25,5030,8
5000,845,636,33,18,10,25,5030,8
5000,757,625,36,19,10,25,5030,8
5000,738,609,12,13,10,25,5030,8
5000,947,519,35,34,10,25,5030,8
5000,821,495,40,24,10,25,5030,8
5000,787,574,47,30,10,25,5030,8
5000,762,473,32,61,10,25,5030,8
5000,723,516,29,19,10,25,5030,8
5000,665,460,47,31,10,25,5030,8
5000,597,509,27,23,10,25,5030,8
5000,580,474,19,21,10,25,5030,8
5000,651,380,25,39,10,25,5030,8
5000,588,315,21,15,10,25,5030,8
5000,561,245,21,22,10,25,5030,8
5000,568,200,21,19,10,25,5030,8
5000,585,150,21,22,10,25,5030,8
5000,642,142,32,23,10,25,5030,8
5000,683,215,34,31,10,25,5030,8
5000,680,291,26,24,10,25,5030,8
5000,631,310,31,41,10,25,5030,8
5000,636,246,31,15,10,25,5030,8
5000,600,400,33,31,10,25,5030,8
5000,585,349,22,27,10,25,5030,8
5000,519,250,20,42,10,25,5030,8
5000,512,321,18,23,10,25,5030,8
5000,539,488,14,14,10,25,5030,8
5000,484,463,28,14,10,25,5030,8
5000,485,432,26,18,10,25,5030,8
5000,483,366,20,27,10,25,5030,8
5000,413,439,22,13,10,25,5030,8
5000,425,381,25,33,10,25,5030,8
5000,366,393,24,13,10,25,5030,8
5000,304,418,37,21,10,25,5030,8
5000,314,329,44,34,10,25,5030,8
5000,242,370,58,38,10,25,5030,8
5000,1012,1064,2,2,1,10,101,8
5000,916,1074,2,2,1,10,101,8
5000,818,1017,2,2,1,10,101,8
5000,889,1044,1,1,1,25,101,8
5000,843,1016,1,1,1,25,106,8
5000,529,404,1,1,1,25,110,8
5000,529,392,1,1,1,25,110,8
5000,861,1016,1,1,1,25,101,8
5000,874,1030,1,1,1,25,101,8
5000,900,1045,1,1,1,25,101,8
5000,1030,654,39,34,1,3000,5033,8
5000,762,473,32,61,1,2000,5032,8
5000,933,630,40,69,1,1400,5031,8
5000,261,608,32,45,1,3000,5023,8
5000,385,666,38,31,1,2000,5022,8
5000,336,731,41,50,1,1400,5021,8
5000,821,858,53,57,1,3000,5013,8
5000,501,528,10,10,1,21600,40001,8
5000,494,521,25,20,10,60,40002,8
5000,1340,1359,56,55,1,2000,5012,8
5000,1222,982,59,59,1,1400,5011,8
5000,393,333,300,300,1,1800,40001,8
5000,626,733,300,300,1,1800,40001,8
5000,840,628,300,300,1,1800,40001,8
5000,909,999,1,1,1,30,101,8
5000,912,1025,1,1,1,30,101,8
5000,897,1003,1,1,2,30,101,8
5000,899,1020,1,1,1,30,101,8
5000,894,992,1,1,1,30,101,8
5000,820,989,1,1,2,25,110,8
5000,943,743,1,1,2,25,110,8
5000,991,742,1,1,1,25,110,8
5000,935,603,1,1,1,25,110,8
5000,541,428,1,1,1,25,110,8
5000,543,414,1,1,1,25,110,8
//迷梦沼泽,,,,,,,,
7000,475,220,300,300,1,1800,40001,8
7000,204,442,300,300,1,1800,40001,8
7000,251,142,57,48,10,25,7020,8
7000,282,98,35,35,10,25,7020,8
7000,335,80,25,39,10,25,7020,8
7000,416,72,19,48,10,25,7020,8
7000,442,72,27,48,10,25,7020,8
7000,381,24,22,30,10,25,7020,8
7000,334,142,46,40,10,25,7020,8
7000,401,148,47,32,10,25,7020,8
7000,473,142,31,49,10,25,7020,8
7000,481,112,15,21,10,25,7020,8
7000,524,167,17,32,10,25,7020,8
7000,516,167,36,46,10,25,7020,8
7000,569,227,34,48,10,25,7020,8
7000,623,265,12,13,10,25,7020,8
7000,613,281,45,25,10,25,7020,8
7000,672,303,11,15,10,25,7020,8
7000,645,329,36,55,10,25,7020,8
7000,691,343,32,38,10,25,7020,8
7000,678,400,22,20,10,25,7020,8
7000,640,402,22,29,10,25,7020,8
7000,614,344,18,47,10,25,7020,8
7000,568,316,23,26,10,25,7020,8
7000,534,286,15,26,10,25,7020,8
7000,507,266,19,15,10,25,7020,8
7000,471,227,19,40,10,25,7020,8
7000,446,204,27,16,10,25,7020,8
7000,412,215,20,11,10,25,7020,8
7000,338,236,13,27,10,25,7020,8
7000,259,201,28,10,10,25,7020,8
7000,383,253,20,16,10,25,7020,8
7000,358,282,28,20,10,25,7020,8
7000,432,261,19,19,10,25,7020,8
7000,503,311,25,49,10,25,7020,8
7000,555,363,31,31,10,25,7020,8
7000,595,418,27,17,10,25,7020,8
7000,654,462,14,25,10,25,7020,8
7000,634,497,19,29,10,25,7020,8
7000,13,371,15,19,10,25,7010,8
7000,42,349,39,35,10,25,7010,8
7000,48,403,39,37,10,25,7010,8
7000,102,359,43,19,10,25,7010,8
7000,102,389,43,23,10,25,7010,8
7000,109,439,38,45,10,25,7010,8
7000,73,314,27,20,10,25,7010,8
7000,112,292,38,42,10,25,7010,8
7000,164,316,31,49,10,25,7010,8
7000,214,334,40,42,10,25,7010,8
7000,139,248,32,33,10,25,7010,8
7000,200,281,28,33,10,25,7010,8
7000,240,281,27,33,10,25,7010,8
7000,223,223,33,39,10,25,7010,8
7000,174,212,27,30,10,25,7010,8
7000,208,177,31,25,10,25,7010,8
7000,273,220,24,24,10,25,7010,8
7000,167,392,25,43,10,25,7010,8
7000,215,398,24,39,10,25,7010,8
7000,181,455,52,31,10,25,7010,8
7000,140,393,20,12,10,25,7010,8
7000,162,510,36,38,10,25,7010,8
7000,220,535,31,49,10,25,7010,8
7000,247,597,50,33,10,25,7010,8
7000,298,639,35,42,10,25,7010,8
7000,357,650,32,33,10,25,7010,8
7000,363,710,43,43,10,25,7010,8
7000,419,693,48,31,10,25,7010,8
7000,293,279,30,18,10,25,7010,8
7000,343,312,20,31,10,25,7010,8
7000,298,321,9,19,10,25,7010,8
7000,293,358,13,19,10,25,7010,8
7000,272,388,21,14,10,25,7010,8
7000,269,420,10,19,10,25,7010,8
7000,268,456,17,22,10,25,7010,8
7000,283,505,14,18,10,25,7010,8
7000,293,557,9,18,10,25,7010,8
7000,319,587,15,14,10,25,7010,8
7000,361,610,20,16,10,25,7010,8
7000,401,610,11,27,10,25,7010,8
7000,434,642,29,15,10,25,7010,8
7000,490,632,10,10,10,25,7010,8
7000,514,621,13,13,10,25,7010,8
7000,485,572,31,18,10,25,7010,8
7000,545,582,32,15,10,25,7010,8
7000,578,537,20,26,10,25,7010,8
7000,333,361,19,36,10,25,7010,8
7000,315,419,23,28,10,25,7010,8
7000,324,510,30,29,10,25,7010,8
7000,318,548,39,23,10,25,7010,8
7000,333,553,44,32,10,25,7010,8
7000,400,560,33,23,10,25,7010,8
7000,890,592,24,34,10,25,7030,8
7000,853,559,35,28,10,25,7030,8
7000,826,573,15,14,10,25,7030,8
7000,840,601,29,20,10,25,7030,8
7000,907,589,40,30,10,25,7030,8
7000,787,630,53,44,10,25,7030,8
7000,852,676,32,35,10,25,7030,8
7000,903,673,19,10,10,25,7030,8
7000,930,678,20,30,10,25,7030,8
7000,985,647,32,37,10,25,7030,8
7000,940,695,36,19,10,25,7030,8
7000,1043,715,43,43,10,25,7030,8
7000,997,769,42,35,10,25,7030,8
7000,966,823,35,34,10,25,7030,8
7000,940,870,29,24,10,25,7030,8
7000,899,808,45,44,10,25,7030,8
7000,860,757,32,16,10,25,7030,8
7000,835,718,23,14,10,25,7030,8
7000,788,690,25,35,10,25,7030,8
7000,898,724,30,17,10,25,7030,8
7000,941,760,34,29,10,25,7030,8
7000,745,387,38,49,10,25,7030,8
7000,744,457,38,49,10,25,7030,8
7000,800,450,31,33,10,25,7030,8
7000,849,520,20,12,10,25,7030,8
7000,796,517,16,30,10,25,7030,8
7000,779,552,22,30,10,25,7030,8
7000,754,610,11,22,10,25,7030,8
7000,726,646,19,18,10,25,7030,8
7000,763,729,15,23,10,25,7030,8
7000,807,761,15,15,10,25,7030,8
7000,693,673,22,41,10,25,7030,8
7000,651,614,37,37,10,25,7030,8
7000,639,579,23,15,10,25,7030,8
7000,667,521,18,24,10,25,7030,8
7000,700,532,51,34,10,25,7030,8
7000,709,588,14,25,10,25,7030,8
7000,533,881,27,30,10,25,7040,8
7000,584,864,27,22,10,25,7040,8
7000,628,880,29,35,10,25,7040,8
7000,597,938,42,34,10,25,7040,8
7000,662,951,39,15,10,25,7040,8
7000,769,931,49,17,10,25,7040,8
7000,690,1012,42,47,10,25,7040,8
7000,735,1065,32,31,10,25,7040,8
7000,775,1057,26,19,10,25,7040,8
7000,727,960,27,19,10,25,7040,8
7000,791,975,40,23,10,25,7040,8
7000,685,902,41,32,10,25,7040,8
7000,668,817,21,40,10,25,7040,8
7000,424,764,29,26,10,25,7040,8
7000,476,751,45,40,10,25,7040,8
7000,500,690,37,30,10,25,7040,8
7000,562,675,33,31,10,25,7040,8
7000,620,720,26,14,10,25,7040,8
7000,652,748,39,39,10,25,7040,8
7000,611,811,40,35,10,25,7040,8
7000,710,804,33,35,10,25,7040,8
7000,787,892,33,29,10,25,7040,8
7000,845,936,41,29,10,25,7040,8
7000,852,886,35,25,10,25,7040,8
7000,899,912,34,13,10,25,7040,8
7000,510,847,27,13,10,25,7040,8
7000,549,814,37,21,10,25,7040,8
7000,558,745,38,19,10,25,7040,8
7000,597,646,21,13,10,25,7040,8
7000,640,675,21,13,10,25,7040,8
7000,812,827,29,24,10,25,7040,8
7000,401,511,1,1,1,25,101,8
7000,485,463,1,1,1,25,101,8
7000,518,476,1,1,1,25,101,8
7000,436,501,1,1,1,25,101,8
7000,448,497,1,1,1,25,101,8
7000,520,429,1,1,1,25,101,8
7000,507,425,1,1,1,25,101,8
7000,533,456,1,1,1,25,101,8
7000,425,523,1,1,1,25,105,8
7000,451,568,1,1,1,25,101,8
7000,463,568,1,1,1,25,101,8
7000,482,479,1,1,1,25,101,8
7000,453,511,1,1,1,25,101,8
7000,439,514,1,1,1,25,101,8
7000,401,524,1,1,1,25,101,8
7000,862,837,10,10,1,1800,40001,8
7000,856,830,25,20,10,60,40002,8
7000,554,769,291,211,10,3600,7040,8
7000,363,710,43,43,1,1400,7011,8
7000,109,439,38,45,1,2000,7012,8
7000,298,639,35,42,1,3000,7013,8
7000,251,142,57,48,1,1400,7021,8
7000,334,142,46,40,1,2000,7022,8
7000,645,329,36,55,1,3000,7023,8
7000,787,630,53,44,1,1400,7031,8
7000,899,808,45,44,1,2000,7032,8
7000,745,387,38,49,1,3000,7033,8
7000,476,751,45,40,1,1400,7041,8
7000,600,946,42,34,1,2000,7042,8
7000,663,757,39,39,1,3000,7043,8
7000,686,693,1,1,1,25,110,8
7000,811,811,1,1,1,25,110,8
7000,747,1066,1,1,1,25,110,8
//-雪狼冰原,,,,,,,,
4000,989,878,37,60,10,25,4030,8
4000,815,936,67,40,10,25,4030,8
4000,769,854,49,63,10,25,4030,8
4000,772,1213,61,38,10,25,4030,8
4000,895,828,59,78,10,25,4030,8
4000,821,768,57,53,10,25,4030,8
4000,724,1028,61,51,10,25,4030,8
4000,690,1121,105,65,10,25,4030,8
4000,766,743,35,48,10,25,4030,8
4000,691,873,30,67,10,25,4030,8
4000,624,1059,49,42,10,25,4030,8
4000,603,962,42,51,10,25,4030,8
4000,389,755,176,143,1,2400,4023,8
4000,537,537,124,173,1,1800,4022,8
4000,353,578,123,141,1,1800,4021,8
4000,227,590,51,25,10,25,4020,8
4000,624,741,22,71,10,25,4020,8
4000,527,791,69,70,10,25,4020,8
4000,457,899,63,46,10,25,4020,8
4000,621,573,21,43,10,25,4020,8
4000,573,690,29,59,10,25,4020,8
4000,486,732,55,41,10,25,4020,8
4000,386,803,61,42,10,25,4020,8
4000,518,622,60,41,10,25,4020,8
4000,554,534,39,70,10,25,4020,8
4000,455,632,38,47,10,25,4020,8
4000,395,672,65,45,10,25,4020,8
4000,308,736,51,51,10,25,4020,8
4000,391,552,59,23,10,25,4020,8
4000,453,481,42,48,10,25,4020,8
4000,304,604,78,44,10,25,4020,8
4000,232,666,52,45,10,25,4020,8
4000,110,547,34,45,10,25,4020,8
4000,693,410,58,23,10,25,4010,8
4000,495,243,40,38,10,25,4010,8
4000,104,476,57,28,10,25,4010,8
4000,26,461,42,49,10,25,4010,8
4000,91,394,55,61,1,2000,4012,8
4000,576,321,118,112,1,2400,4013,8
4000,536,151,98,33,10,25,4010,8
4000,536,151,98,33,1,1800,4011,8
4000,207,501,41,64,10,25,4020,8
4000,543,240,88,42,8,25,4010,8
4000,91,394,55,61,10,25,4010,8
4000,173,311,58,89,10,25,4010,8
4000,433,341,38,47,10,25,4010,8
4000,719,357,54,43,10,25,4010,8
4000,668,289,78,52,10,25,4010,8
4000,576,321,118,112,10,25,4010,8
4000,482,318,42,66,10,25,4010,8
4000,408,251,44,52,10,25,4010,8
4000,489,172,27,44,10,25,4010,8
4000,329,221,54,15,10,25,4010,8
4000,275,225,27,38,10,25,4010,8
4000,288,322,2,2,1,10,101,8
4000,382,363,2,2,1,10,101,8
4000,346,323,2,2,1,10,101,8
4000,247,239,35,24,10,25,4010,8
4000,430,189,40,31,10,25,4010,8
4000,539,81,20,29,10,25,4010,8
4000,364,121,72,29,10,25,4010,8
4000,343,161,55,33,10,25,4010,8
4000,451,78,33,10,6,25,4010,8
4000,363,317,2,2,1,30,101,8
4000,343,335,2,2,1,30,101,8
4000,365,331,2,2,1,30,101,8
4000,393,356,2,2,1,30,101,8
4000,289,335,2,2,1,30,101,8
4000,571,111,1,1,1,25,110,8
4000,522,234,1,1,1,25,110,8
4000,402,379,1,1,1,25,110,8
4000,389,379,1,1,1,25,110,8
//-自然女神之怒,,,,,,,,
6000,281,839,32,26,10,25,6040,8
6000,181,869,23,33,10,25,6040,8
6000,214,799,51,27,10,25,6040,8
6000,170,811,15,29,10,25,6040,8
6000,155,748,33,18,10,25,6040,8
6000,146,708,16,21,10,25,6040,8
6000,167,669,20,36,10,25,6040,8
6000,106,656,14,33,10,25,6040,8
6000,72,705,11,26,10,25,6040,8
6000,381,1052,14,45,10,25,6040,8
6000,631,1344,38,26,10,25,6040,8
6000,826,1359,31,31,10,25,6040,8
6000,792,1398,15,31,10,25,6040,8
6000,766,1442,14,25,10,25,6040,8
6000,698,1401,27,29,10,25,6040,8
6000,714,1373,30,20,10,25,6040,8
6000,752,1352,21,42,10,25,6040,8
6000,702,1308,33,45,10,25,6040,8
6000,761,1292,17,36,10,25,6040,8
6000,738,1245,11,40,10,25,6040,8
6000,633,1263,23,32,10,25,6040,8
6000,684,1221,32,20,10,25,6040,8
6000,644,1205,22,32,10,25,6040,8
6000,621,1157,27,17,10,25,6040,8
6000,587,1150,17,29,10,25,6040,8
6000,553,1239,56,38,10,25,6040,8
6000,523,1185,33,33,10,25,6040,8
6000,567,1104,18,19,10,25,6040,8
6000,527,1095,16,19,10,25,6040,8
6000,498,1025,13,26,10,25,6040,8
6000,451,996,23,19,10,25,6040,8
6000,483,1180,15,24,10,25,6040,8
6000,497,1133,21,24,10,25,6040,8
6000,490,1071,16,37,10,25,6040,8
6000,439,1081,29,19,10,25,6040,8
6000,437,1024,29,29,10,25,6040,8
6000,425,1124,19,19,10,25,6040,8
6000,1097,970,64,68,10,25,6020,8
6000,1081,699,25,36,10,25,6020,8
6000,1003,714,35,37,10,25,6020,8
6000,785,792,40,51,10,25,6020,8
6000,1011,894,42,35,10,25,6020,8
6000,1004,987,61,54,10,25,6020,8
6000,1071,1145,20,17,10,25,6020,8
6000,837,1157,47,45,10,25,6020,8
6000,825,945,39,30,10,25,6020,8
6000,894,958,42,38,10,25,6020,8
6000,845,1074,40,53,10,25,6020,8
6000,769,1088,58,58,10,25,6020,8
6000,772,1006,44,58,10,25,6020,8
6000,829,997,52,53,10,25,6020,8
6000,909,1039,53,47,10,25,6020,8
6000,922,1231,50,49,10,25,6020,8
6000,910,1147,43,52,10,25,6020,8
6000,978,1180,30,54,10,25,6020,8
6000,964,1110,40,38,10,25,6020,8
6000,1121,1060,33,32,10,25,6020,8
6000,1014,1069,66,61,10,25,6020,8
6000,1113,1052,38,53,10,25,6020,8
6000,1099,965,63,67,10,25,6020,8
6000,1004,990,61,54,10,25,6020,8
6000,926,889,60,57,10,25,6020,8
6000,861,813,55,49,10,25,6020,8
6000,834,718,65,71,10,25,6020,8
6000,912,710,63,62,10,25,6020,8
6000,939,800,45,39,10,25,6020,8
6000,1027,800,63,63,10,25,6020,8
6000,1116,787,33,56,10,25,6020,8
6000,1097,702,44,57,10,25,6020,8
6000,941,539,33,41,10,25,6020,8
6000,988,641,87,50,10,25,6020,8
6000,609,633,51,52,10,25,6020,8
6000,833,636,51,60,10,25,6020,8
6000,846,565,69,50,10,25,6020,8
6000,826,483,42,40,10,25,6020,8
6000,679,540,53,49,10,25,6020,8
6000,751,610,60,34,10,25,6020,8
6000,734,736,38,38,10,25,6020,8
6000,790,684,24,63,10,25,6020,8
6000,735,665,34,43,10,25,6020,8
6000,666,612,50,51,10,25,6020,8
6000,698,565,40,27,10,25,6020,8
6000,625,545,45,46,10,25,6020,8
6000,677,503,62,39,10,25,6020,8
6000,755,468,42,53,10,25,6020,8
6000,683,417,44,61,10,25,6020,8
6000,573,322,46,59,10,25,6020,8
6000,609,409,48,37,10,25,6020,8
6000,588,477,46,42,10,25,6020,8
6000,520,397,58,49,10,25,6020,8
6000,503,322,40,37,10,25,6020,8
6000,453,295,31,45,10,25,6020,8
6000,422,411,59,35,10,25,6020,8
6000,432,358,40,39,10,25,6020,8
6000,388,361,27,38,10,25,6020,8
6000,1125,894,23,41,10,25,6010,8
6000,1163,1042,22,21,10,25,6010,8
6000,1189,991,24,43,10,25,6010,8
6000,1211,929,53,48,10,25,6010,8
6000,1284,905,28,38,10,25,6010,8
6000,1282,818,42,57,10,25,6010,8
6000,1168,829,60,41,10,25,6010,8
6000,1250,563,24,40,10,25,6010,8
6000,1262,635,50,56,10,25,6010,8
6000,1267,716,27,45,10,25,6010,8
6000,1177,737,42,59,10,25,6010,8
6000,1149,659,52,45,10,25,6010,8
6000,882,388,23,34,10,25,6010,8
6000,884,337,40,23,10,25,6010,8
6000,855,280,24,37,10,25,6010,8
6000,800,296,26,19,10,25,6010,8
6000,798,371,42,42,10,25,6010,8
6000,825,436,28,14,10,25,6010,8
6000,841,537,34,43,10,25,6010,8
6000,991,509,20,22,10,25,6010,8
6000,999,546,64,65,10,25,6010,8
6000,1083,580,45,40,10,25,6010,8
6000,1074,490,27,26,10,25,6010,8
6000,1177,556,45,40,10,25,6010,8
6000,1130,479,77,50,10,25,6010,8
6000,1104,394,38,25,10,25,6010,8
6000,1048,375,40,70,10,25,6010,8
6000,947,410,57,58,10,25,6010,8
6000,913,278,31,51,10,25,6010,8
6000,963,250,20,16,10,25,6010,8
6000,892,224,50,36,10,25,6010,8
6000,810,203,52,56,10,25,6010,8
6000,733,322,45,82,10,25,6010,8
6000,638,302,59,54,10,25,6010,8
6000,723,219,64,31,10,25,6010,8
6000,706,140,34,52,10,25,6010,8
6000,658,152,34,45,10,25,6010,8
6000,635,217,53,63,10,25,6010,8
6000,554,265,37,31,10,25,6010,8
6000,588,239,32,18,10,25,6010,8
6000,559,191,53,33,10,25,6010,8
6000,520,288,44,20,10,25,6010,8
6000,493,255,37,43,10,25,6010,8
6000,243,875,25,44,10,25,6040,8
6000,300,894,22,27,10,25,6040,8
6000,271,962,42,24,10,25,6040,8
6000,354,975,26,18,10,25,6040,8
6000,407,972,17,28,10,25,6040,8
6000,396,909,16,32,10,25,6040,8
6000,339,871,25,43,10,25,6040,8
6000,103,815,35,14,10,25,6040,8
6000,411,417,17,30,10,25,6030,8
6000,453,513,31,32,10,25,6030,8
6000,342,419,36,45,10,25,6030,8
6000,308,458,22,9,10,25,6030,8
6000,331,485,30,11,10,25,6030,8
6000,364,508,16,33,10,25,6030,8
6000,328,527,24,15,10,25,6030,8
6000,344,563,33,18,10,25,6030,8
6000,375,605,15,26,10,25,6030,8
6000,409,635,21,27,10,25,6030,8
6000,444,681,17,15,10,25,6030,8
6000,409,688,18,16,10,25,6030,8
6000,392,715,14,32,10,25,6030,8
6000,448,726,11,20,10,25,6030,8
6000,462,763,20,29,10,25,6030,8
6000,535,786,25,39,10,25,6030,8
6000,585,765,18,30,10,25,6030,8
6000,636,838,13,27,10,25,6030,8
6000,689,857,19,59,10,25,6030,8
6000,728,870,21,39,10,25,6030,8
6000,777,897,43,36,10,25,6030,8
6000,841,879,26,39,10,25,6030,8
6000,701,777,50,54,10,25,6030,8
6000,647,622,44,21,10,25,6030,8
6000,647,786,29,17,10,25,6030,8
6000,578,694,18,42,10,25,6030,8
6000,543,685,19,14,10,25,6030,8
6000,525,728,14,25,10,25,6030,8
6000,473,633,27,40,10,25,6030,8
6000,420,562,16,32,10,25,6030,8
6000,507,742,37,28,10,25,6030,8
6000,517,530,22,21,10,25,6030,8
6000,502,569,18,35,10,25,6030,8
6000,559,633,25,35,10,25,6030,8
6000,611,627,35,28,10,25,6030,8
6000,471,584,11,21,10,25,6030,8
6000,278,492,17,30,10,25,6030,8
6000,315,609,28,11,10,25,6030,8
6000,293,572,18,15,10,25,6030,8
6000,265,580,10,25,10,25,6030,8
6000,247,543,29,16,10,25,6030,8
6000,202,556,34,26,10,25,6030,8
6000,363,649,19,29,10,25,6030,8
6000,318,667,20,31,10,25,6030,8
6000,418,790,18,38,10,25,6030,8
6000,516,846,31,25,10,25,6030,8
6000,574,827,22,37,10,25,6030,8
6000,922,897,19,46,10,25,6030,8
6000,645,960,18,39,10,25,6030,8
6000,913,983,20,40,10,25,6030,8
6000,709,1033,40,49,10,25,6030,8
6000,702,950,47,40,10,25,6030,8
6000,563,911,18,31,10,25,6030,8
6000,263,633,24,29,10,25,6030,8
6000,124,617,25,17,10,25,6030,8
6000,168,597,13,44,10,25,6030,8
6000,222,616,17,31,10,25,6030,8
6000,221,686,23,38,10,25,6030,8
6000,262,667,29,40,10,25,6030,8
6000,304,711,21,12,10,25,6030,8
6000,273,731,28,11,10,25,6030,8
6000,305,770,12,29,10,25,6030,8
6000,358,729,14,32,10,25,6030,8
6000,352,807,19,21,10,25,6030,8
6000,336,836,33,18,10,25,6030,8
6000,386,822,12,31,10,25,6030,8
6000,422,885,27,28,10,25,6030,8
6000,478,870,12,32,10,25,6030,8
6000,460,930,20,12,10,25,6030,8
6000,512,945,16,31,10,25,6030,8
6000,520,1007,36,15,10,25,6030,8
6000,565,1041,39,19,10,25,6030,8
6000,637,1034,16,34,10,25,6030,8
6000,643,1106,16,31,10,25,6030,8
6000,683,1086,37,49,10,25,6030,8
6000,705,1165,16,36,10,25,6030,8
6000,742,1138,16,29,10,25,6030,8
6000,777,1221,14,39,10,25,6030,8
6000,821,1231,19,39,10,25,6030,8
6000,881,1334,27,19,10,25,6030,8
6000,828,1296,21,45,10,25,6030,8
6000,572,964,18,22,10,25,6030,8
6000,470,961,13,27,10,25,6030,8
6000,266,729,43,18,10,25,6030,8
6000,412,851,39,13,10,25,6030,8
6000,542,960,16,30,10,25,6030,8
6000,582,1081,39,14,10,25,6030,8
6000,788,1179,33,44,10,25,6030,8
6000,495,800,16,38,10,25,6030,8
6000,423,724,36,14,10,25,6030,8
6000,295,533,18,55,10,25,6030,8
6000,240,504,28,20,10,25,6030,8
6000,563,550,38,48,10,25,6030,8
6000,606,632,43,27,10,25,6030,8
6000,617,710,19,26,10,25,6030,8
6000,442,592,34,14,10,25,6030,8
6000,508,476,40,26,10,25,6030,8
6000,840,888,47,20,10,25,6030,8
6000,517,655,31,7,10,25,6030,8
6000,1130,479,77,50,1,1400,6011,8
6000,947,410,57,58,1,2000,6012,8
6000,810,203,52,56,1,3000,6013,8
6000,988,641,87,50,1,1400,6021,8
6000,834,718,65,71,1,2000,6022,8
6000,1099,965,63,67,1,3000,6023,8
6000,701,777,50,54,1,1400,6031,8
6000,709,1033,40,49,1,2000,6032,8
6000,563,550,38,48,1,3000,6033,8
//失落高地,,,,,,,,
5100,837,752,23,19,5,25,5500,8
5100,854,736,20,21,5,25,5500,8
5100,871,723,18,18,5,25,5500,8
5100,879,713,22,17,5,25,5500,8
5100,908,490,22,43,8,25,5500,8
5100,905,444,26,35,6,25,5500,8
5100,936,464,22,42,8,25,5500,8
5100,898,548,25,34,6,25,5500,8
5100,964,488,27,41,8,25,5500,8
5100,936,532,26,45,8,25,5500,8
5100,989,528,43,64,10,25,5500,8
5100,981,591,24,35,6,25,5500,8
5100,959,629,19,25,5,25,5500,8
5100,946,651,15,18,5,25,5500,8
5100,934,666,14,17,5,25,5500,8
5100,961,582,22,14,5,25,5500,8
5100,907,691,19,14,5,25,5500,8
5100,898,701,14,17,5,25,5500,8
5100,817,773,26,17,5,25,5500,8
5100,793,787,28,22,5,25,5500,8
5100,768,808,30,22,6,25,5500,8
5100,749,829,32,21,6,25,5500,8
5100,726,845,32,24,6,25,5500,8
5100,702,869,29,24,6,25,5500,8
5100,680,886,24,31,6,25,5500,8
5100,648,893,29,25,6,25,5500,8
5100,568,959,32,40,6,25,5500,8
5100,615,896,26,38,7,25,5500,8
5100,636,946,28,21,5,25,5500,8
5100,563,887,44,48,10,25,5500,8
5100,597,955,40,37,10,25,5500,8
5100,515,898,58,33,10,25,5500,8
5100,467,889,47,42,10,25,5500,8
5100,430,911,35,20,10,25,5500,8
5100,464,932,36,32,10,25,5500,8
5100,506,951,46,40,10,25,5500,8
5100,931,586,28,33,6,25,5500,8
5100,910,628,27,18,5,25,5500,8
5100,901,646,23,16,5,25,5500,8
5100,882,660,24,17,5,25,5500,8
5100,858,668,26,20,5,25,5500,8
5100,837,686,30,24,6,25,5500,8
5100,811,704,26,22,5,25,5500,8
5100,776,725,42,35,10,25,5500,8
5100,727,760,26,39,6,25,5500,8
5100,688,777,31,59,10,25,5500,8
5100,654,830,34,34,10,25,5500,8
5100,605,827,39,38,10,25,5500,8
5100,565,831,30,30,10,25,5500,8
5100,514,833,38,28,10,25,5500,8
5100,458,824,44,21,10,25,5500,8
5100,414,825,34,39,10,25,5500,8
5100,344,808,64,39,10,25,5500,8
5100,878,591,27,31,6,25,5500,8
5100,849,615,28,31,6,25,5500,8
5100,809,628,32,29,8,25,5500,8
5100,779,651,31,30,8,25,5500,8
5100,744,676,38,29,10,25,5500,8
5100,695,698,26,31,7,25,5500,8
5100,727,710,28,21,5,25,5500,8
5100,661,726,30,30,10,25,5500,8
5100,608,740,37,46,10,25,5500,8
5100,554,743,42,30,10,25,5500,8
5100,513,761,30,35,10,25,5500,8
5100,454,745,44,34,10,25,5500,8
5100,401,740,42,48,10,25,5500,8
5100,351,705,48,89,10,25,5500,8
5100,297,699,29,33,10,25,5500,8
5100,291,748,58,32,10,25,5500,8
5100,872,453,22,20,10,25,5500,8
5100,852,455,19,35,10,25,5510,8
5100,862,489,30,36,10,25,5510,8
5100,855,530,27,45,10,25,5510,8
5100,813,566,36,26,10,25,5510,8
5100,766,574,46,35,10,25,5510,8
5100,723,596,37,47,10,25,5510,8
5100,677,610,39,33,10,25,5510,8
5100,674,645,47,28,10,25,5510,8
5100,627,643,41,50,10,25,5510,8
5100,595,665,29,52,10,25,5510,8
5100,542,676,48,37,10,25,5510,8
5100,486,661,46,42,10,25,5510,8
5100,415,662,55,53,10,25,5510,8
5100,349,635,49,43,10,25,5510,8
5100,290,655,41,28,10,25,5510,8
5100,281,605,48,31,10,25,5510,8
5100,242,669,44,66,10,25,5510,8
5100,192,643,46,48,10,25,5510,8
5100,244,610,31,44,10,25,5510,8
5100,161,639,25,20,5,25,5510,8
5100,213,564,32,34,10,25,5510,8
5100,176,595,36,41,10,25,5510,8
5100,131,598,36,32,10,25,5510,8
5100,277,555,42,30,10,25,5510,8
5100,334,581,76,42,10,25,5510,8
5100,427,593,43,29,10,25,5510,8
5100,476,573,43,60,10,25,5510,8
5100,531,593,59,39,10,25,5510,8
5100,550,553,70,33,10,25,5510,8
5100,604,583,34,33,10,25,5510,8
5100,640,545,45,43,10,25,5510,8
5100,699,525,35,46,10,25,5510,8
5100,742,535,31,24,10,25,5510,8
5100,791,503,42,42,10,25,5510,8
5100,808,464,38,36,10,25,5510,8
5100,764,455,36,42,10,25,5510,8
5100,804,418,46,23,10,25,5510,8
5100,725,480,30,29,10,25,5510,8
5100,670,467,26,33,10,25,5510,8
5100,629,479,38,38,10,25,5510,8
5100,570,473,48,44,10,25,5510,8
5100,524,480,43,39,10,25,5510,8
5100,486,509,41,28,10,25,5510,8
5100,447,522,42,25,10,25,5510,8
5100,402,534,45,26,10,25,5510,8
5100,360,543,42,26,10,25,5510,8
5100,303,523,46,34,10,25,5510,8
5100,238,495,31,29,10,25,5510,8
5100,192,498,37,52,10,25,5510,8
5100,82,527,105,48,10,25,5510,8
5100,97,578,33,23,8,25,5510,8
5100,801,369,32,45,10,25,5520,8
5100,848,372,20,30,6,25,5520,8
5100,737,398,50,46,10,25,5520,8
5100,674,385,45,63,10,25,5520,8
5100,655,258,102,107,10,25,5520,8
5100,638,419,34,23,6,25,5520,8
5100,587,430,44,22,10,25,5520,8
5100,538,437,50,21,10,25,5520,8
5100,476,434,39,33,10,25,5520,8
5100,439,458,35,32,10,25,5520,8
5100,389,445,35,53,10,25,5520,8
5100,330,447,42,53,10,25,5520,8
5100,270,442,45,58,10,25,5520,8
5100,215,426,40,43,10,25,5520,8
5100,69,435,48,60,10,25,5520,8
5100,45,510,34,36,10,25,5520,8
5100,118,394,72,96,10,25,5520,8
5100,148,356,34,28,10,25,5520,8
5100,184,321,65,40,10,25,5520,8
5100,281,339,61,41,10,25,5520,8
5100,374,352,69,42,10,25,5520,8
5100,480,347,62,33,10,25,5520,8
5100,535,316,83,32,10,25,5520,8
5100,761,302,44,56,10,25,5520,8
5100,629,172,53,65,10,25,5520,8
5100,549,233,56,38,10,25,5520,8
5100,480,235,55,34,10,25,5520,8
5100,411,242,61,49,10,25,5520,8
5100,331,237,76,39,10,25,5520,8
5100,293,257,55,23,10,25,5520,8
5100,370,131,90,48,10,25,5520,8
5100,435,115,51,47,10,25,5520,8
5100,554,131,64,48,10,25,5520,8
5100,462,41,48,47,10,25,5520,8
5100,506,35,36,66,10,25,5520,8
//深渊迷宫,,,,,,,,
5200,521,604,19,9,4,25,5510,8
5200,510,604,17,9,4,25,5510,8
5200,476,592,27,27,10,25,5510,8
5200,460,592,27,27,5,25,5520,8
5200,424,600,18,9,4,25,5510,8
5200,411,600,19,9,4,25,5520,8
5200,371,588,36,27,12,0,5520,8
5200,523,556,18,9,4,25,5510,8
5200,510,556,18,9,4,25,5520,8
5200,477,545,27,27,10,25,5510,8
5200,461,545,27,27,5,25,5520,8
5200,444,592,27,27,10,25,5520,8
5200,445,545,27,27,10,25,5520,8
5200,424,552,18,9,4,25,5520,8
5200,412,552,18,9,4,25,5520,8
5200,373,542,36,27,12,25,5520,8
5200,522,508,18,9,4,25,5510,8
5200,508,508,18,9,4,25,5510,8
5200,477,497,27,27,10,25,5510,8
5200,460,497,27,27,5,25,5510,8
5200,445,497,27,27,10,25,5510,8
5200,424,504,18,9,4,25,5520,8
5200,413,504,18,9,4,25,5520,8
5200,372,493,36,27,12,25,5520,8
5200,523,652,18,9,4,25,5510,8
5200,510,652,18,9,4,25,5510,8
5200,477,641,27,27,10,25,5510,8
5200,461,641,27,27,5,25,5510,8
5200,445,641,27,27,10,25,5510,8
5200,425,648,18,9,4,25,5520,8
5200,413,648,17,9,4,25,5520,8
5200,372,637,36,27,12,25,5520,8
5200,544,520,9,36,5,60,5500,8
5200,544,616,9,36,5,60,5500,8
5200,588,778,9,18,4,25,5500,8
5200,588,790,9,18,4,25,5500,8
5200,581,810,27,27,10,25,5500,8
5200,581,827,27,27,5,25,5510,8
5200,581,841,27,27,10,25,5510,8
5200,592,871,9,18,4,25,5510,8
5200,592,884,9,18,4,25,5520,8
5200,585,905,27,36,12,25,5520,8
5200,540,775,9,18,4,25,5500,8
5200,540,791,9,18,4,25,5500,8
5200,532,810,27,27,10,25,5500,8
5200,532,826,27,27,5,25,5500,8
5200,532,840,27,27,10,25,5510,8
5200,543,870,9,18,4,25,5510,8
5200,543,883,9,18,4,25,5510,8
5200,537,904,27,36,12,25,5510,8
5200,636,776,9,18,4,25,5500,8
5200,636,790,9,18,4,25,5500,8
5200,629,810,27,27,10,25,5500,8
5200,629,826,27,27,5,25,5500,8
5200,629,840,27,27,10,25,5510,8
5200,640,870,9,18,4,25,5510,8
5200,640,883,9,18,4,25,5510,8
5200,633,904,27,36,12,25,5510,8
5200,576,717,27,27,10,60,5500,8
5200,584,642,9,72,8,60,5500,8
5200,549,768,36,9,4,60,5500,8
5200,599,768,36,9,4,60,5500,8
5200,584,505,9,45,5,60,5500,8
5200,573,473,27,27,10,60,5500,8
5200,580,421,9,18,4,25,5500,8
5200,580,410,9,18,4,25,5500,8
5200,569,381,27,27,10,25,5500,8
5200,569,365,27,27,5,25,5510,8
5200,569,349,27,27,10,25,5510,8
5200,576,328,9,18,4,25,5510,8
5200,576,315,9,18,4,25,5520,8
5200,565,275,27,36,12,25,5520,8
5200,628,421,9,18,4,25,5500,8
5200,628,411,9,18,4,25,5500,8
5200,617,381,27,27,10,25,5500,8
5200,617,365,27,27,5,25,5510,8
5200,617,349,27,27,10,25,5510,8
5200,624,330,9,18,4,25,5510,8
5200,624,317,9,18,4,25,5520,8
5200,613,277,27,36,12,25,5520,8
5200,532,421,9,18,4,25,5500,8
5200,532,409,9,18,4,25,5500,8
5200,521,381,27,27,10,25,5500,8
5200,521,366,27,27,5,25,5510,8
5200,521,349,27,27,10,25,5510,8
5200,528,329,9,18,4,25,5510,8
5200,528,316,9,18,4,25,5520,8
5200,517,276,27,36,12,25,5520,8
5200,540,440,36,9,4,60,5500,8
5200,592,440,36,9,4,60,5500,8
5200,652,592,18,9,4,25,5510,8
5200,665,592,18,9,4,25,5510,8
5200,685,585,27,27,10,25,5510,8
5200,701,585,27,27,5,25,5510,8
5200,717,585,27,27,10,25,5520,8
5200,746,596,18,9,10,25,5520,8
5200,760,596,18,9,10,25,5520,8
5200,780,589,36,27,12,25,5520,8
5200,645,540,18,9,10,25,5510,8
5200,659,540,18,9,10,25,5510,8
5200,680,533,27,27,10,25,5510,8
5200,696,533,27,27,10,25,5510,8
5200,712,533,27,27,10,25,5510,8
5200,742,544,18,9,10,25,5520,8
5200,755,544,18,9,10,25,5520,8
5200,776,537,36,27,12,25,5520,8
5200,648,640,18,9,10,25,5510,8
5200,664,640,18,9,10,25,5510,8
5200,685,633,27,27,10,25,5510,8
5200,701,633,27,27,10,25,5510,8
5200,717,633,27,27,10,25,5510,8
5200,745,644,18,9,10,25,5520,8
5200,757,644,18,9,10,25,5520,8
5200,777,637,36,27,12,25,5520,8
5200,648,688,18,9,10,25,5510,8
5200,663,688,18,9,10,25,5510,8
5200,684,681,27,27,10,25,5510,8
5200,700,681,27,27,10,25,5510,8
5200,716,681,27,27,10,25,5510,8
5200,745,692,18,9,10,25,5520,8
5200,759,692,18,9,10,25,5520,8
5200,781,685,36,27,12,25,5520,8
5200,643,492,18,9,10,25,5510,8
5200,658,492,18,9,10,25,5510,8
5200,681,485,27,27,10,25,5510,8
5200,697,485,27,27,10,25,5510,8
5200,712,485,27,27,10,25,5510,8
5200,741,496,18,9,10,25,5520,8
5200,755,496,18,9,10,25,5520,8
5200,777,489,36,27,12,25,5520,8
5200,636,649,9,36,10,60,5510,8
5200,632,501,9,36,10,60,5510,8
5200,636,618,9,18,10,60,5510,8
5200,632,548,9,18,10,60,5510,8
//,,,,,,,,
//打年11层到18层地图,,,,,,,,
8832,191,217,2,2,1,20,11111,8
8833,191,217,2,2,1,20,11112,8
8834,191,217,2,2,1,20,11113,8
8835,191,217,2,2,1,20,11114,8
8836,191,217,2,2,1,20,11115,8
8837,191,217,2,2,1,20,11116,8
8838,191,217,2,2,1,20,11117,8
8839,191,217,2,2,1,20,11118,8
//,,,,,,,,
//观赏怪物,,,,,,,,
1000,319,435,1,1,1,1,11120,4
1000,312,435,1,1,1,1,11121,4
1000,309,422,1,1,1,1,11122,0
1000,316,422,1,1,1,1,11123,0
1000,247,423,1,1,1,1,11124,6
1000,248,415,1,1,1,1,11125,6
1000,387,445,1,1,1,1,11126,6
1000,387,418,1,1,1,1,11127,6
1000,382,427,1,1,1,1,11128,6
1000,401,439,1,1,1,1,11135,6
1000,400,428,1,1,1,1,11136,6
1000,314,297,1,1,1,1,11129,0
1000,323,299,1,1,1,1,11130,0
1000,257,304,1,1,1,1,11131,7
1000,234,282,1,1,1,1,11132,0
1000,345,364,1,1,1,1,11133,0
1000,122,506,1,1,1,1,11134,0
//1000,123,556,1,1,1,1,11151,2
//1000,131,530,1,1,1,1,11136,2
1000,188,536,1,1,1,1,11137,3
1000,205,577,1,1,1,1,11138,0
1000,171,611,1,1,1,1,11139,7
1000,182,586,1,1,1,1,11140,4
1000,180,520,1,1,1,1,11141,4
1000,188,511,1,1,1,1,11142,4
1000,204,520,1,1,1,1,11143,4
