#id,typeid,sort,name,crime,ground,multi,target,level,use_mp,use_potential,power,intone_speed,percent,step_secs,range,distance,status_chance,status,need_prof,need_exp,need_level,need_gemtype,use_xp,weapon_subtype,active_times,auto_active,floor_attr,auto_learn,learn_level,drop_weapon,use_ep,weapon_hit,use_item,next_magic,delay_ms,use_item_num,width,durability,apply_ms,track_id,track_id2,auto_learn_prob,group_type,group_member1_pos,group_member2_pos,group_member3_pos,magic1,magic2,magic3,magic4,attack_combine,flag
//Õ½Ê¿¼¼ÄÜ,,,,,,,,,,,,,,,,,,,,,,,,,,,,,,,,,,,,,,,,,,,,,,,,,,,,
10000,1000,1,·çÕ¶,1,0,0,8,0,0,0,30120,0,10,0,0,3,0,0,0,50,10,0,0,0,0,4,0,0,0,0,0,1,0,0,0,0,0,1,0,0,0,0,4,0,0,0,0,0,0,0,0,0
10001,1000,1,·çÕ¶,1,0,0,8,1,0,0,30140,0,13,0,0,3,0,0,0,200,17,0,0,0,0,4,0,0,0,0,0,1,0,0,0,0,0,1,0,0,0,0,4,0,0,0,0,0,0,0,0,0
10002,1000,1,·çÕ¶,1,0,0,8,2,0,0,30160,0,15,0,0,3,0,0,0,0,0,0,0,0,0,4,0,0,0,0,0,1,0,0,0,0,0,1,0,0,0,0,4,0,0,0,0,0,0,0,0,0
10010,1001,1,Õ¶»ê,1,0,0,0,0,0,0,32000,0,100,0,0,14,0,0,4,0,0,0,1,0,0,0,0,1,3,0,0,1,0,0,0,0,0,1,0,0,0,10000,3,0,0,0,0,0,0,0,0,0
10011,1001,1,Õ¶»ê,1,0,0,0,1,0,0,30150,0,100,0,2,14,0,0,0,0,0,0,1,0,0,0,0,0,0,0,0,1,0,0,0,0,0,1,0,0,0,0,3,0,0,0,0,0,0,0,0,0
10012,1001,1,Õ¶»ê,1,0,0,0,2,0,0,30150,0,100,0,2,14,0,0,0,0,0,0,1,0,0,0,0,0,0,0,0,1,0,0,0,0,0,1,0,0,0,0,3,0,0,0,0,0,0,0,0,0
//,,,,,,,,,,,,,,,,,,,,,,,,,,,,,,,,,,,,,,,,,,,,,,,,,,,,
10020,1002,5,Ðý·çÕ¶,1,1,0,4,0,0,0,30070,0,10,0,3,20,0,0,0,100,19,0,0,400,0,4,0,0,0,0,0,1,0,0,0,0,0,1,0,0,0,0,4,0,0,0,0,0,0,0,0,0
10021,1002,5,Ðý·çÕ¶,1,1,0,4,1,0,0,30080,0,13,0,4,20,0,0,0,200,25,0,0,400,0,4,0,0,0,0,0,1,0,0,0,0,0,1,0,0,0,0,4,0,0,0,0,0,0,0,0,0
10022,1002,5,Ðý·çÕ¶,1,1,0,4,2,0,0,30090,0,15,0,5,20,0,0,0,0,0,0,0,400,0,4,0,0,0,0,0,1,0,0,0,0,0,1,0,0,0,0,4,0,0,0,0,0,0,0,0,0
10030,1003,6,ÒýÓÕ,0,0,0,2,0,0,0,1,0,100,90,0,20,0,45,0,300,28,0,0,0,0,0,0,0,0,0,1,1,0,0,0,0,0,1,0,0,0,0,0,0,0,0,0,0,0,0,0,0
10031,1003,6,ÒýÓÕ,0,0,0,2,1,0,0,1,0,100,90,0,20,0,45,0,500,33,0,0,0,0,0,0,0,0,0,2,1,0,0,0,0,0,1,0,0,0,0,0,0,0,0,0,0,0,0,0,0
10032,1003,6,ÒýÓÕ,0,0,0,2,2,0,0,1,0,100,90,0,20,0,45,0,0,0,0,0,0,0,0,0,0,0,0,3,1,0,0,0,0,0,1,0,0,0,0,0,0,0,0,0,0,0,0,0,0
10040,1004,4,½£ÆøÕ¶,1,1,0,4,0,0,0,32000,0,100,0,13,14,0,0,0,0,0,0,1,0,0,0,0,0,0,0,0,1,0,0,0,0,60,1,0,0,0,0,3,0,0,0,0,0,0,0,0,0
10041,1004,4,½£ÆøÕ¶,1,1,0,4,1,0,0,32000,0,100,0,13,14,0,0,0,0,0,0,1,0,0,0,0,0,0,0,0,1,0,0,0,0,60,1,0,0,0,0,3,0,0,0,0,0,0,0,0,0
10042,1004,4,½£ÆøÕ¶,1,1,0,4,2,0,0,32000,0,100,0,13,14,0,0,0,0,0,0,1,0,0,0,0,0,0,0,0,1,0,0,0,0,60,1,0,0,0,0,3,0,0,0,0,0,0,0,0,0
10050,1005,1,ËÄÁ¬Õ¶,1,0,0,8,0,0,0,30200,0,10,0,0,10,0,0,0,1500,41,0,0,400,0,4,0,0,0,0,0,1,0,0,0,0,0,1,0,1000000,1000050,0,3,0,0,0,0,0,0,0,0,0
10051,1005,1,ËÄÁ¬Õ¶,1,0,0,8,1,0,0,30250,0,13,0,0,10,0,0,0,2500,46,0,0,400,0,4,0,0,0,0,0,1,0,0,0,0,0,1,0,1000100,1000150,0,3,0,0,0,0,0,0,0,0,0
10052,1005,1,ËÄÁ¬Õ¶,1,0,0,8,2,0,0,30300,0,15,0,0,10,0,0,0,0,0,0,0,400,0,4,0,0,0,0,0,1,0,0,0,0,0,1,0,1000200,1000250,0,3,0,0,0,0,0,0,0,0,0
10060,1006,14,±¬Ñ×Õ¶,1,0,0,4,0,0,0,30070,0,100,0,8,15,0,0,0,1000,49,0,0,400,0,0,0,0,0,0,2,1,0,0,0,0,0,1,0,0,0,0,4,0,0,0,0,0,0,0,0,0
10061,1006,14,±¬Ñ×Õ¶,1,0,0,4,1,0,0,30080,0,100,0,11,15,0,0,0,2000,54,0,0,400,0,0,0,0,0,0,4,1,0,0,0,0,0,1,0,0,0,0,4,0,0,0,0,0,0,0,0,0
10062,1006,14,±¬Ñ×Õ¶,1,0,0,4,2,0,0,30090,0,100,0,13,15,0,0,0,0,0,0,0,400,0,0,0,0,0,0,6,1,0,0,0,0,0,1,0,0,0,0,4,0,0,0,0,0,0,0,0,0
10070,1007,1,·ÉÌìÕ¶,1,0,0,0,0,0,0,30150,0,100,0,0,10,0,0,0,2000,57,0,0,400,0,0,0,0,0,0,15,1,0,0,500,0,0,1,0,1006000,1006050,0,3,0,0,0,0,0,0,0,0,0
10071,1007,1,·ÉÌìÕ¶,1,0,0,0,1,0,0,30200,0,100,0,0,10,0,0,0,3000,63,0,0,400,0,0,0,0,0,0,15,1,0,0,500,0,0,1,0,1006100,1006150,0,3,0,0,0,0,0,0,0,0,0
10072,1007,1,·ÉÌìÕ¶,1,0,0,0,2,0,0,30250,0,100,0,0,10,0,0,0,0,0,0,0,400,0,0,0,0,0,0,15,1,0,0,500,0,0,1,0,1006200,1006250,0,3,0,0,0,0,0,0,0,0,0
10080,1008,4,ÐÇÄ§½£,1,1,0,4,0,0,0,32000,0,100,0,13,14,0,0,0,0,0,0,1,0,0,0,0,0,0,0,0,1,0,0,0,0,120,1,0,0,0,0,3,0,0,0,0,0,0,0,0,0
10081,1008,4,ÐÇÄ§½£,1,1,0,4,1,0,0,32000,0,100,0,13,14,0,0,0,0,0,0,1,0,0,0,0,0,0,0,0,1,0,0,0,0,120,1,0,0,0,0,3,0,0,0,0,0,0,0,0,0
10082,1008,4,ÐÇÄ§½£,1,1,0,4,2,0,0,32000,0,100,0,13,14,0,0,0,0,0,0,1,0,0,0,0,0,0,0,0,1,0,0,0,0,120,1,0,0,0,0,3,0,0,0,0,0,0,0,0,0
10090,1009,1,ÁùÁ¬Õ¶,1,0,0,8,0,0,0,30300,0,10,0,0,10,0,0,0,10000,70,0,0,400,0,4,0,0,0,0,0,1,0,0,0,0,0,1,0,1008000,1008050,0,3,0,0,0,0,0,0,0,0,0
10091,1009,1,ÁùÁ¬Õ¶,1,0,0,8,1,0,0,30350,0,15,0,0,10,0,0,0,20000,75,0,0,400,0,4,0,0,0,0,0,1,0,0,0,0,0,1,0,1008100,1008150,0,3,0,0,0,0,0,0,0,0,0
10092,1009,1,ÁùÁ¬Õ¶,1,0,0,8,2,0,0,30400,0,20,0,0,10,0,0,0,0,0,0,0,400,0,4,0,0,0,0,0,1,0,0,0,0,0,1,0,1008200,1008250,0,3,0,0,0,0,0,0,0,0,0
10100,1010,1,·ÉÌìÁ¬Õ¶,1,0,0,0,0,0,0,30250,0,100,0,0,10,0,0,0,12000,77,0,0,400,0,0,0,0,0,0,15,1,0,0,500,0,0,1,0,1010000,1010050,0,3,0,0,0,0,0,0,0,0,0
10101,1010,1,·ÉÌìÁ¬Õ¶,1,0,0,0,1,0,0,30300,0,100,0,0,10,0,0,0,25000,81,0,0,400,0,0,0,0,0,0,15,1,0,0,500,0,0,1,0,1010100,1010150,0,3,0,0,0,0,0,0,0,0,0
10102,1010,1,·ÉÌìÁ¬Õ¶,1,0,0,0,2,0,0,30350,0,100,0,0,10,0,0,0,0,0,0,0,400,0,0,0,0,0,0,15,1,0,0,500,0,0,1,0,1010200,1010250,0,3,0,0,0,0,0,0,0,0,0
10160,1016,81,Áè¿ÕÉñ»÷,1,0,0,0,0,0,0,32000,0,100,0,13,18,0,0,0,0,0,0,1,0,0,0,0,1,3,0,0,1,0,0,0,0,0,1,0,0,0,10000,3,0,0,0,0,0,0,0,0,0
10161,1016,81,Áè¿ÕÉñ»÷,1,0,0,0,1,0,0,30150,0,100,0,13,18,0,0,0,0,0,0,1,0,0,0,0,0,0,0,0,1,0,0,0,0,0,1,0,0,0,0,3,0,0,0,0,0,0,0,0,0
10162,1016,81,Áè¿ÕÉñ»÷,1,0,0,0,2,0,0,30150,0,100,0,13,18,0,0,0,0,0,0,1,0,0,0,0,0,0,0,0,1,0,0,0,0,0,1,0,0,0,0,3,0,0,0,0,0,0,0,0,0
10150,1015,82,ÉñÖ®ÉóÅÐ,1,1,0,4,0,0,0,34000,0,100,0,13,18,0,0,0,0,0,0,1,0,0,0,0,0,0,0,0,0,0,0,0,0,0,1,0,0,0,0,3,0,0,0,0,0,0,0,0,0
10151,1015,82,ÉñÖ®ÉóÅÐ,1,1,0,4,1,0,0,34000,0,100,0,13,18,0,0,0,0,0,0,1,0,0,0,0,0,0,0,0,0,0,0,0,0,0,1,0,0,0,0,3,0,0,0,0,0,0,0,0,0
10152,1015,82,ÉñÖ®ÉóÅÐ,1,1,0,4,2,0,0,34000,0,100,0,13,18,0,0,0,0,0,0,1,0,0,0,0,0,0,0,0,0,0,0,0,0,0,1,0,0,0,0,3,0,0,0,0,0,0,0,0,0
10170,1017,4,·ÙÔÂÕ¶,1,1,0,4,0,0,0,30115,0,100,0,8,20,0,0,0,0,7,0,0,0,0,0,0,0,0,0,0,0,0,0,0,0,150,1,0,0,0,0,3,0,0,0,0,0,0,0,0,0
10171,1017,4,·ÙÔÂÕ¶,1,1,0,4,1,0,0,30120,0,100,0,10,20,0,0,0,0,16,0,0,0,0,0,0,0,0,0,0,0,0,0,0,0,150,1,0,0,0,0,3,0,0,0,0,0,0,0,0,0
10172,1017,4,·ÙÔÂÕ¶,1,1,0,4,2,0,0,30130,0,100,0,12,20,0,0,0,0,0,0,0,0,0,0,0,0,0,0,0,0,0,0,0,0,150,1,0,0,0,0,3,0,0,0,0,0,0,0,0,0
10210,1021,1,Áú»ê·ç±©,1,0,0,0,0,0,0,0,0,100,0,10,10,0,0,0,30000,125,0,0,0,0,0,0,0,0,0,15,0,0,0,0,0,0,1,0,10610912,10610322,0,0,0,0,0,0,0,0,0,0,0
10211,1021,1,Áú»ê·ç±©,1,0,0,0,0,0,0,0,0,100,0,10,10,0,0,0,135000,200,0,0,0,0,0,0,0,0,0,10,0,0,0,0,0,0,1,0,10610912,10610322,0,0,0,0,0,0,0,0,0,0,0
10212,1021,1,Áú»ê·ç±©,1,0,0,0,0,0,0,0,0,100,0,10,10,0,0,0,0,0,0,0,0,0,0,0,0,0,0,10,0,0,0,0,0,0,1,0,10610912,10610322,0,0,0,0,0,0,0,0,0,0,0
//·¨Ê¦¼¼ÄÜ,,,,,,,,,,,,,,,,,,,,,,,,,,,,,,,,,,,,,,,,,,,,,,,,,,,,
30000,3000,4,·çÖé,1,1,0,4,0,2,0,30115,0,100,0,8,20,0,0,0,300,7,0,0,0,0,0,0,0,0,0,0,0,0,0,200,0,150,1,0,0,0,0,3,0,0,0,0,0,0,0,0,0
30001,3000,4,·çÖé,1,1,0,4,1,3,0,30120,0,100,0,10,20,0,0,0,500,16,0,0,0,0,0,0,0,0,0,0,0,0,0,200,0,150,1,0,0,0,0,3,0,0,0,0,0,0,0,0,0
30002,3000,4,·çÖé,1,1,0,4,2,4,0,30130,0,100,0,12,20,0,0,0,0,0,0,0,0,0,0,0,0,0,0,0,0,0,0,200,0,150,1,0,0,0,0,3,0,0,0,0,0,0,0,0,0
30010,3001,1,Åùö¨µ¯,1,0,0,0,0,0,0,34000,0,100,0,0,14,0,0,1,0,0,0,1,0,0,0,0,1,3,0,0,0,0,0,0,0,0,1,0,0,0,10000,4,0,0,0,0,0,0,0,0,0
30011,3001,1,Åùö¨µ¯,1,0,0,0,1,0,0,34500,0,100,0,0,14,0,0,0,0,0,0,1,0,0,0,0,0,0,0,0,0,0,0,0,0,0,1,0,0,0,0,4,0,0,0,0,0,0,0,0,0
30012,3001,1,Åùö¨µ¯,1,0,0,0,2,0,0,35000,0,100,0,0,14,0,0,0,0,0,0,1,0,0,0,0,0,0,0,0,0,0,0,0,0,0,1,0,0,0,0,4,0,0,0,0,0,0,0,0,0
30020,3002,1,»ðÇòÊõ,1,0,0,0,0,4,0,70,0,100,0,0,20,0,0,0,400,19,0,0,0,0,0,0,0,0,0,0,0,0,0,0,0,0,1,0,0,0,0,4,0,0,0,0,0,0,0,0,0
30021,3002,1,»ðÇòÊõ,1,0,0,0,1,5,0,100,0,100,0,0,20,0,0,0,700,25,0,0,0,0,0,0,0,0,0,0,0,0,0,0,0,0,1,0,0,0,0,4,0,0,0,0,0,0,0,0,0
30022,3002,1,»ðÇòÊõ,1,0,0,0,2,6,0,30146,0,100,0,0,20,0,0,0,0,0,0,0,0,0,0,0,0,0,0,0,0,0,0,0,0,0,1,0,0,0,0,4,0,0,0,0,0,0,0,0,0
30030,3003,83,Ç±ÐÐ,0,0,0,2,0,20,0,1,0,100,30,0,10,0,17,0,900,27,0,0,0,0,0,0,0,0,0,0,0,0,0,0,0,0,1,0,0,0,0,3,0,0,0,0,0,0,0,0,0
30031,3003,83,Ç±ÐÐ,0,0,0,2,1,25,0,1,0,100,45,0,10,0,17,0,1200,33,0,0,0,0,0,0,0,0,0,0,0,0,0,0,0,0,1,0,0,0,0,3,0,0,0,0,0,0,0,0,0
30032,3003,83,Ç±ÐÐ,0,0,0,2,2,30,0,1,0,100,60,0,10,0,17,0,0,0,0,0,0,0,0,0,0,0,0,0,0,0,0,0,0,0,1,0,0,0,0,3,0,0,0,0,0,0,0,0,0
30040,3004,4,Åùö¨»ð,1,1,0,4,0,0,0,34000,0,100,0,13,14,0,0,0,0,0,0,1,0,0,0,0,0,0,0,0,0,0,0,0,0,110,1,0,0,0,0,3,0,0,0,0,0,0,0,0,0
30041,3004,4,Åùö¨»ð,1,1,0,4,1,3,0,34500,0,100,0,7,14,0,0,0,0,0,0,1,0,0,0,0,0,0,0,0,0,0,0,0,0,100,1,0,0,0,0,3,0,0,0,0,0,0,0,0,0
30042,3004,4,Åùö¨»ð,1,1,0,4,2,3,0,35000,0,100,0,6,14,0,0,0,0,0,0,1,0,0,0,0,0,0,0,0,0,0,0,0,0,95,1,0,0,0,0,3,0,0,0,0,0,0,0,0,0
30050,3005,5,»ðÐý·ç,1,1,0,4,0,9,0,30105,0,100,0,9,10,0,0,0,10000,40,0,0,0,0,0,0,0,0,0,0,0,0,0,0,0,0,1,0,0,0,0,3,0,0,0,0,0,0,0,0,0
30051,3005,5,»ðÐý·ç,1,1,0,4,1,11,0,30110,0,100,0,10,10,0,0,0,15000,45,0,0,0,0,0,0,0,0,0,0,0,0,0,0,0,0,1,0,0,0,0,3,0,0,0,0,0,0,0,0,0
30052,3005,5,»ðÐý·ç,1,1,0,4,2,13,0,30120,0,100,0,12,10,0,0,0,0,0,0,0,0,0,0,0,0,0,0,0,0,0,0,0,0,0,1,0,0,0,0,3,0,0,0,0,0,0,0,0,0
30060,3006,1,µç»÷Êõ,1,0,0,0,0,0,0,170,0,100,0,13,20,0,0,0,3000,47,0,0,0,0,0,0,0,0,0,0,0,0,0,0,0,110,1,0,0,0,0,3,0,0,0,0,0,0,0,0,0
30061,3006,1,µç»÷Êõ,1,0,0,0,1,0,0,210,0,100,0,13,20,0,0,0,4000,51,0,0,0,0,0,0,0,0,0,0,0,0,0,0,0,110,1,0,0,0,0,3,0,0,0,0,0,0,0,0,0
30062,3006,1,µç»÷Êõ,1,0,0,0,2,0,0,30155,0,100,0,13,20,0,0,0,0,0,0,0,0,0,0,0,0,0,0,0,0,0,0,0,0,110,1,0,0,0,0,3,0,0,0,0,0,0,0,0,0
30090,3009,5,ÓÄÚ¤¹í»ð,1,1,0,4,0,0,0,34000,0,100,0,12,14,0,0,0,0,0,0,1,0,0,0,0,0,0,0,0,0,0,0,0,0,0,1,0,0,0,0,3,0,0,0,0,0,0,0,0,0
30092,3009,5,ÓÄÚ¤¹í»ð,1,1,0,4,2,4,0,34000,0,100,0,12,14,0,0,0,0,0,0,1,0,0,0,0,0,0,0,0,0,0,0,0,0,0,1,0,0,0,0,3,0,0,0,0,0,0,0,0,0
30091,3009,5,ÓÄÚ¤¹í»ð,1,1,0,4,1,4,0,34000,0,100,0,12,14,0,0,0,0,0,0,1,0,0,0,0,0,0,0,0,0,0,0,0,0,0,1,0,0,0,0,3,0,0,0,0,0,0,0,0,0
30080,3008,31,ÊÕ»êÊõ,0,0,0,16,0,5,0,20,0,100,0,0,20,0,0,0,5000,59,0,0,0,0,0,0,0,0,0,0,0,0,0,0,0,0,1,0,0,0,0,0,0,0,0,0,0,0,0,0,0
30081,3008,31,ÊÕ»êÊõ,0,0,0,16,1,10,0,40,0,100,0,0,20,0,0,0,8000,63,0,0,0,0,0,0,0,0,0,0,0,0,0,0,0,0,1,0,0,0,0,0,0,0,0,0,0,0,0,0,0
30082,3008,31,ÊÕ»êÊõ,0,0,0,16,2,15,0,60,0,100,0,0,20,0,0,0,0,0,0,0,0,0,0,0,0,0,0,0,0,0,0,0,0,0,1,0,0,0,0,0,0,0,0,0,0,0,0,0,0
30072,3007,6,ÉËº¦Æ½·Ö,0,0,0,2,2,0,0,1,0,100,30,0,10,0,68,0,3500,0,0,0,0,0,0,0,0,0,0,0,0,0,0,0,0,0,1,0,0,0,0,3,0,0,0,0,0,0,0,0,0
30071,3007,6,ÉËº¦Æ½·Ö,0,0,0,2,1,0,0,1,0,100,30,0,10,0,68,0,800,57,0,0,0,0,0,0,0,0,0,0,0,0,0,0,0,0,1,0,0,0,0,3,0,0,0,0,0,0,0,0,0
30070,3007,6,ÉËº¦Æ½·Ö,0,0,0,2,0,0,0,1,0,100,30,0,10,0,68,0,0,53,0,0,0,0,0,0,0,0,0,0,0,0,0,0,0,0,1,0,0,0,0,3,0,0,0,0,0,0,0,0,0
30110,3011,1,±¬À×Êõ,1,0,0,0,0,30,0,280,0,100,0,0,20,0,0,0,8000,77,0,0,0,0,0,0,0,0,0,0,0,0,0,0,0,0,1,0,0,0,0,4,0,0,0,0,0,0,0,0,0
30111,3011,1,±¬À×Êõ,1,0,0,0,1,50,0,330,0,100,0,0,20,0,0,0,12000,81,0,0,0,0,0,0,0,0,0,0,0,0,0,0,0,0,1,0,0,0,0,4,0,0,0,0,0,0,0,0,0
30112,3011,1,±¬À×Êõ,1,0,0,0,2,70,0,30163,0,100,0,0,20,0,0,0,0,0,0,0,0,0,0,0,0,0,0,0,0,0,0,0,0,0,1,0,0,0,0,4,0,0,0,0,0,0,0,0,0
30120,3012,1,ÉËº¦×ªÒÆ,1,0,0,0,0,100,0,30100,0,100,0,0,10,0,0,0,10000,83,0,0,0,0,0,0,0,0,0,0,0,0,0,0,0,0,1,0,0,0,0,3,0,0,0,0,0,0,0,0,0
30121,3012,1,ÉËº¦×ªÒÆ,1,0,0,0,1,130,0,30100,0,100,0,0,10,0,0,0,15000,86,0,0,0,0,0,0,0,0,0,0,0,0,0,0,0,0,1,0,0,0,0,3,0,0,0,0,0,0,0,0,0
30122,3012,1,ÉËº¦×ªÒÆ,1,0,0,0,2,160,0,30100,0,100,0,0,10,0,0,0,0,0,0,0,0,0,0,0,0,0,0,0,0,0,0,0,0,0,1,0,0,0,0,3,0,0,0,0,0,0,0,0,0
30100,3010,84,ÒþÉí,0,0,0,1,0,40,0,1,0,100,30,0,10,0,14,0,6000,69,0,0,0,0,0,0,0,0,0,0,0,0,0,0,0,0,1,0,0,0,0,3,0,0,0,0,0,0,0,0,0
30101,3010,84,ÒþÉí,0,0,0,1,1,50,0,1,0,100,40,0,10,0,14,0,9000,75,0,0,0,0,0,0,0,0,0,0,0,0,0,0,0,0,1,0,0,0,0,3,0,0,0,0,0,0,0,0,0
30102,3010,84,ÒþÉí,0,0,0,1,2,60,0,1,0,100,50,0,10,0,14,0,0,0,0,0,0,0,0,0,0,0,0,0,0,0,0,0,0,0,1,0,0,0,0,3,0,0,0,0,0,0,0,0,0
53000,5300,85,ÔªËØÕÆ¿Ø,1,1,0,4,0,2,0,30115,0,100,0,8,20,0,0,0,0,7,0,0,0,0,0,0,0,0,0,0,0,0,0,0,0,150,1,0,0,0,0,3,0,0,0,0,0,0,0,0,0
53001,5300,85,ÔªËØÕÆ¿Ø,1,1,0,4,1,3,0,30120,0,100,0,10,20,0,0,0,0,16,0,0,0,0,0,0,0,0,0,0,0,0,0,0,0,150,1,0,0,0,0,3,0,0,0,0,0,0,0,0,0
53002,5300,85,ÔªËØÕÆ¿Ø,1,1,0,4,2,4,0,30130,0,100,0,12,20,0,0,0,0,0,0,0,0,0,0,0,0,0,0,0,0,0,0,0,0,150,1,0,0,0,0,3,0,0,0,0,0,0,0,0,0
53010,5301,87,¾ÞÑÒÊ¥¶Ü,1,1,0,4,0,2,0,30115,0,100,0,8,20,0,0,0,5000,7,0,0,0,0,0,0,0,0,0,0,0,0,0,0,0,150,1,0,0,0,0,3,0,0,0,0,0,0,0,0,0
53011,5301,87,¾ÞÑÒÊ¥¶Ü,1,1,0,4,1,3,0,30120,0,100,0,10,20,0,0,0,10000,16,0,0,0,0,0,0,0,0,0,0,0,0,0,0,0,150,1,0,0,0,0,3,0,0,0,0,0,0,0,0,0
53012,5301,87,¾ÞÑÒÊ¥¶Ü,1,1,0,4,2,4,0,30130,0,100,0,12,20,0,0,0,0,0,0,0,0,0,0,0,0,0,0,0,0,0,0,0,0,150,1,0,0,0,0,3,0,0,0,0,0,0,0,0,0
53020,5302,86,Á÷ÐÇÔÉ»ð,1,1,0,4,0,2,0,30115,0,100,0,8,20,0,0,0,5000,7,0,0,0,0,0,0,0,0,0,0,0,0,0,0,0,150,1,0,0,0,0,3,0,0,0,0,0,0,0,0,0
53021,5302,86,Á÷ÐÇÔÉ»ð,1,1,0,4,1,3,0,30120,0,100,0,10,20,0,0,0,10000,16,0,0,0,0,0,0,0,0,0,0,0,0,0,0,0,150,1,0,0,0,0,3,0,0,0,0,0,0,0,0,0
53022,5302,86,Á÷ÐÇÔÉ»ð,1,1,0,4,2,4,0,30130,0,100,0,12,20,0,0,0,0,0,0,0,0,0,0,0,0,0,0,0,0,0,0,0,0,150,1,0,0,0,0,3,0,0,0,0,0,0,0,0,0
53030,5303,5,À×öªÉóÅÐ,1,1,0,4,0,2,0,30115,0,100,0,8,20,0,0,0,5000,7,0,0,0,0,0,0,0,0,0,0,0,0,0,0,0,150,1,0,0,0,0,3,0,0,0,0,0,0,0,0,0
53031,5303,5,À×öªÉóÅÐ,1,1,0,4,1,3,0,30120,0,100,0,10,20,0,0,0,10000,16,0,0,0,0,0,0,0,0,0,0,0,0,0,0,0,150,1,0,0,0,0,3,0,0,0,0,0,0,0,0,0
53032,5303,5,À×öªÉóÅÐ,1,1,0,4,2,4,0,30130,0,100,0,12,20,0,0,0,0,0,0,0,0,0,0,0,0,0,0,0,0,0,0,0,0,150,1,0,0,0,0,3,0,0,0,0,0,0,0,0,0
53040,5304,1,ì«·çäöÎÐ,1,1,0,4,0,2,0,30115,0,100,0,8,20,0,0,0,5000,7,0,0,0,0,0,0,0,0,0,0,0,0,0,0,0,150,1,0,0,0,0,3,0,0,0,0,0,0,0,0,0
53041,5304,1,ì«·çäöÎÐ,1,1,0,4,1,3,0,30120,0,100,0,10,20,0,0,0,10000,16,0,0,0,0,0,0,0,0,0,0,0,0,0,0,0,150,1,0,0,0,0,3,0,0,0,0,0,0,0,0,0
53042,5304,1,ì«·çäöÎÐ,1,1,0,4,2,4,0,30130,0,100,0,12,20,0,0,0,0,0,0,0,0,0,0,0,0,0,0,0,0,0,0,0,0,150,1,0,0,0,0,3,0,0,0,0,0,0,0,0,0
53050,5305,5,±ùËª³å»÷,1,1,0,4,0,2,0,30115,0,100,0,8,20,0,0,0,5000,7,0,0,0,0,0,0,0,0,0,0,0,0,0,0,0,150,1,0,0,0,0,3,0,0,0,0,0,0,0,0,0
53051,5305,5,±ùËª³å»÷,1,1,0,4,1,3,0,30120,0,100,0,10,20,0,0,0,10000,16,0,0,0,0,0,0,0,0,0,0,0,0,0,0,0,150,1,0,0,0,0,3,0,0,0,0,0,0,0,0,0
53052,5305,5,±ùËª³å»÷,1,1,0,4,2,4,0,30130,0,100,0,12,20,0,0,0,0,0,0,0,0,0,0,0,0,0,0,0,0,0,0,0,0,150,1,0,0,0,0,3,0,0,0,0,0,0,0,0,0
53090,5309,4,À×¹âÉäÏß,1,1,0,4,0,2,0,30115,0,100,0,12,20,0,0,0,12000,7,0,0,0,0,0,0,0,0,0,0,0,0,0,0,0,150,1,0,0,0,0,3,0,0,0,0,0,0,0,0,0
53091,5309,4,À×¹âÉäÏß,1,1,0,4,1,3,0,30120,0,100,0,14,20,0,0,0,25000,16,0,0,0,0,0,0,0,0,0,0,0,0,0,0,0,150,1,0,0,0,0,3,0,0,0,0,0,0,0,0,0
53092,5309,4,À×¹âÉäÏß,1,1,0,4,2,4,0,30130,0,100,0,18,20,0,0,0,0,0,0,0,0,0,0,0,0,0,0,0,0,0,0,0,0,150,1,0,0,0,0,3,0,0,0,0,0,0,0,0,0
53100,5310,88,ÔªËØÕÙ»½,1,1,0,4,0,2,0,30115,0,100,0,8,20,0,0,0,0,7,0,0,0,0,0,0,0,0,0,0,0,0,0,0,0,150,1,0,0,0,0,3,0,0,0,0,0,0,0,0,0
53101,5310,88,ÔªËØÕÙ»½,1,1,0,4,1,3,0,30120,0,100,0,10,20,0,0,0,0,16,0,0,0,0,0,0,0,0,0,0,0,0,0,0,0,150,1,0,0,0,0,3,0,0,0,0,0,0,0,0,0
53102,5310,88,ÔªËØÕÙ»½,1,1,0,4,2,4,0,30130,0,100,0,12,20,0,0,0,0,0,0,0,0,0,0,0,0,0,0,0,0,0,0,0,0,150,1,0,0,0,0,3,0,0,0,0,0,0,0,0,0
//ÒìÄÜÕß¼¼ÄÜ,,,,,,,,,,,,,,,,,,,,,,,,,,,,,,,,,,,,,,,,,,,,,,,,,,,,
20050,2005,5,Á¶ÓüÊ¹Õß,1,0,0,0,0,0,0,0,0,100,0,10,10,0,0,0,0,0,0,1,0,0,0,0,0,0,0,0,0,0,0,0,0,0,1,0,0,0,0,0,0,0,0,0,0,0,0,0,0
20051,2005,5,Á¶ÓüÊ¹Õß,1,0,0,0,0,0,0,0,0,100,0,10,10,0,0,0,0,0,0,1,0,0,0,0,0,0,0,0,0,0,0,0,0,0,1,0,0,0,0,0,0,0,0,0,0,0,0,0,0
20052,2005,5,Á¶ÓüÊ¹Õß,1,0,0,0,0,0,0,0,0,100,0,10,10,0,0,0,0,0,0,1,0,0,0,0,0,0,0,0,0,0,0,0,0,0,1,0,0,0,0,0,0,0,0,0,0,0,0,0,0
20060,2006,1,ÉúÃüÆíµ»,1,0,0,0,0,0,0,0,0,100,0,10,10,0,0,0,0,0,0,1,0,0,0,0,0,0,0,0,0,0,0,0,0,0,1,0,0,0,0,0,0,0,0,0,0,0,0,0,0
20061,2006,1,ÉúÃüÆíµ»,1,0,0,0,0,0,0,0,0,100,0,10,10,0,0,0,0,0,0,1,0,0,0,0,0,0,0,0,0,0,0,0,0,0,1,0,0,0,0,0,0,0,0,0,0,0,0,0,0
20062,2006,1,ÉúÃüÆíµ»,1,0,0,0,0,0,0,0,0,100,0,10,10,0,0,0,0,0,0,1,0,0,0,0,0,0,0,0,0,0,0,0,0,0,1,0,0,0,0,0,0,0,0,0,0,0,0,0,0
20070,2007,1,ÉñÊ¥¸´ËÕ,1,0,0,0,0,0,0,0,0,100,0,10,10,0,0,0,0,0,0,1,0,0,0,0,0,0,0,0,0,0,0,0,0,0,1,0,0,0,0,0,0,0,0,0,0,0,0,0,0
20071,2007,1,ÉñÊ¥¸´ËÕ,1,0,0,0,0,0,0,0,0,100,0,10,10,0,0,0,0,0,0,1,0,0,0,0,0,0,0,0,0,0,0,0,0,0,1,0,0,0,0,0,0,0,0,0,0,0,0,0,0
20072,2007,1,ÉñÊ¥¸´ËÕ,1,0,0,0,0,0,0,0,0,100,0,10,10,0,0,0,0,0,0,1,0,0,0,0,0,0,0,0,0,0,0,0,0,0,1,0,0,0,0,0,0,0,0,0,0,0,0,0,0
20080,2008,1,×øÆï½ûïÀ,1,0,0,0,0,0,0,0,0,100,0,10,10,0,0,0,0,0,0,1,0,0,0,0,0,0,0,0,0,0,0,0,0,0,1,0,0,0,0,0,0,0,0,0,0,0,0,0,0
20081,2008,1,×øÆï½ûïÀ,1,0,0,0,0,0,0,0,0,100,0,10,10,0,0,0,0,0,0,1,0,0,0,0,0,0,0,0,0,0,0,0,0,0,1,0,0,0,0,0,0,0,0,0,0,0,0,0,0
20082,2008,1,×øÆï½ûïÀ,1,0,0,0,0,0,0,0,0,100,0,10,10,0,0,0,0,0,0,1,0,0,0,0,0,0,0,0,0,0,0,0,0,0,1,0,0,0,0,0,0,0,0,0,0,0,0,0,0
20110,2011,1,»ÃÎèÏè¿Õ,1,0,0,0,0,4,0,70,0,100,0,0,20,0,0,0,10,19,0,0,0,0,0,0,0,0,0,0,0,0,0,0,0,0,1,0,0,0,0,4,0,0,0,0,0,0,0,0,0
20111,2011,1,»ÃÎèÏè¿Õ,1,0,0,0,1,5,0,100,0,100,0,0,20,0,0,0,10,25,0,0,0,0,0,0,0,0,0,0,0,0,0,0,0,0,1,0,0,0,0,4,0,0,0,0,0,0,0,0,0
20112,2011,1,»ÃÎèÏè¿Õ,1,0,0,0,2,6,0,30146,0,100,0,0,20,0,0,0,0,0,0,0,0,0,0,0,0,0,0,0,0,0,0,0,0,0,1,0,0,0,0,4,0,0,0,0,0,0,0,0,0
20120,2012,1,ÐéÈõ×çÖä,1,0,0,0,0,4,0,70,0,100,0,0,20,0,0,0,10,19,0,0,0,0,0,0,0,0,0,0,0,0,0,0,0,0,1,0,0,0,0,4,0,0,0,0,0,0,0,0,0
20121,2012,1,ÐéÈõ×çÖä,1,0,0,0,1,5,0,100,0,100,0,0,20,0,0,0,10,25,0,0,0,0,0,0,0,0,0,0,0,0,0,0,0,0,1,0,0,0,0,4,0,0,0,0,0,0,0,0,0
20122,2012,1,ÐéÈõ×çÖä,1,0,0,0,2,6,0,30146,0,100,0,0,20,0,0,0,0,0,0,0,0,0,0,0,0,0,0,0,0,0,0,0,0,0,1,0,0,0,0,4,0,0,0,0,0,0,0,0,0
20130,2013,1,»ÃÓ°×çÖä¡¤°µ,1,0,0,0,0,4,0,70,0,100,0,0,20,0,0,0,10,19,0,0,0,0,0,0,0,0,0,0,0,0,0,0,0,0,1,0,0,0,0,4,0,0,0,0,0,0,0,0,0
20131,2013,1,»ÃÓ°×çÖä¡¤°µ,1,0,0,0,1,5,0,100,0,100,0,0,20,0,0,0,10,25,0,0,0,0,0,0,0,0,0,0,0,0,0,0,0,0,1,0,0,0,0,4,0,0,0,0,0,0,0,0,0
20132,2013,1,»ÃÓ°×çÖä¡¤°µ,1,0,0,0,2,6,0,30146,0,100,0,0,20,0,0,0,0,0,0,0,0,0,0,0,0,0,0,0,0,0,0,0,0,0,1,0,0,0,0,4,0,0,0,0,0,0,0,0,0
20140,2014,1,»ÃÓ°×çÖä¡¤Ó°,1,0,0,0,0,4,0,70,0,100,0,0,20,0,0,0,10,19,0,0,0,0,0,0,0,0,0,0,0,0,0,0,0,0,1,0,0,0,0,4,0,0,0,0,0,0,0,0,0
20141,2014,1,»ÃÓ°×çÖä¡¤Ó°,1,0,0,0,1,5,0,100,0,100,0,0,20,0,0,0,10,25,0,0,0,0,0,0,0,0,0,0,0,0,0,0,0,0,1,0,0,0,0,4,0,0,0,0,0,0,0,0,0
20142,2014,1,»ÃÓ°×çÖä¡¤Ó°,1,0,0,0,2,6,0,30146,0,100,0,0,20,0,0,0,0,0,0,0,0,0,0,0,0,0,0,0,0,0,0,0,0,0,1,0,0,0,0,4,0,0,0,0,0,0,0,0,0
20150,2015,1,»ÃÓ°×çÖä¡¤÷È,1,0,0,0,0,4,0,70,0,100,0,0,20,0,0,0,10,19,0,0,0,0,0,0,0,0,0,0,0,0,0,0,0,0,1,0,0,0,0,4,0,0,0,0,0,0,0,0,0
20151,2015,1,»ÃÓ°×çÖä¡¤÷È,1,0,0,0,1,5,0,100,0,100,0,0,20,0,0,0,10,25,0,0,0,0,0,0,0,0,0,0,0,0,0,0,0,0,1,0,0,0,0,4,0,0,0,0,0,0,0,0,0
20152,2015,1,»ÃÓ°×çÖä¡¤÷È,1,0,0,0,2,6,0,30146,0,100,0,0,20,0,0,0,0,0,0,0,0,0,0,0,0,0,0,0,0,0,0,0,0,0,1,0,0,0,0,4,0,0,0,0,0,0,0,0,0
20160,2016,1,»ÃÓ°×çÖä¡¤÷Ê,1,0,0,0,0,4,0,70,0,100,0,0,20,0,0,0,10,19,0,0,0,0,0,0,0,0,0,0,0,0,0,0,0,0,1,0,0,0,0,4,0,0,0,0,0,0,0,0,0
20161,2016,1,»ÃÓ°×çÖä¡¤÷Ê,1,0,0,0,1,5,0,100,0,100,0,0,20,0,0,0,10,25,0,0,0,0,0,0,0,0,0,0,0,0,0,0,0,0,1,0,0,0,0,4,0,0,0,0,0,0,0,0,0
20162,2016,1,»ÃÓ°×çÖä¡¤÷Ê,1,0,0,0,2,6,0,30146,0,100,0,0,20,0,0,0,0,0,0,0,0,0,0,0,0,0,0,0,0,0,0,0,0,0,1,0,0,0,0,4,0,0,0,0,0,0,0,0,0
20170,2017,1,ÖØÁ¦Êø¸¿,1,0,0,0,0,4,0,70,0,100,0,0,20,0,0,0,10,19,0,0,0,0,0,0,0,0,0,0,0,0,0,0,0,0,1,0,0,0,0,4,0,0,0,0,0,0,0,0,0
20171,2017,1,ÖØÁ¦Êø¸¿,1,0,0,0,1,5,0,100,0,100,0,0,20,0,0,0,10,25,0,0,0,0,0,0,0,0,0,0,0,0,0,0,0,0,1,0,0,0,0,4,0,0,0,0,0,0,0,0,0
20172,2017,1,ÖØÁ¦Êø¸¿,1,0,0,0,2,6,0,30146,0,100,0,0,20,0,0,0,0,0,0,0,0,0,0,0,0,0,0,0,0,0,0,0,0,0,1,0,0,0,0,4,0,0,0,0,0,0,0,0,0
20180,2018,1,°µÓ°×çÖä,1,0,0,0,0,4,0,70,0,100,0,0,20,0,0,0,10,19,0,0,0,0,0,0,0,0,0,0,0,0,0,0,0,0,1,0,0,0,0,4,0,0,0,0,0,0,0,0,0
20181,2018,1,°µÓ°×çÖä,1,0,0,0,1,5,0,100,0,100,0,0,20,0,0,0,10,25,0,0,0,0,0,0,0,0,0,0,0,0,0,0,0,0,1,0,0,0,0,4,0,0,0,0,0,0,0,0,0
20182,2018,1,°µÓ°×çÖä,1,0,0,0,2,6,0,30146,0,100,0,0,20,0,0,0,0,0,0,0,0,0,0,0,0,0,0,0,0,0,0,0,0,0,1,0,0,0,0,4,0,0,0,0,0,0,0,0,0
20190,2019,1,ÔªËØÐõÂÒ,1,0,0,0,0,4,0,70,0,100,0,0,20,0,0,0,10,19,0,0,0,0,0,0,0,0,0,0,0,0,0,0,0,0,1,0,0,0,0,4,0,0,0,0,0,0,0,0,0
20191,2019,1,ÔªËØÐõÂÒ,1,0,0,0,1,5,0,100,0,100,0,0,20,0,0,0,10,25,0,0,0,0,0,0,0,0,0,0,0,0,0,0,0,0,1,0,0,0,0,4,0,0,0,0,0,0,0,0,0
20192,2019,1,ÔªËØÐõÂÒ,1,0,0,0,2,6,0,30146,0,100,0,0,20,0,0,0,0,0,0,0,0,0,0,0,0,0,0,0,0,0,0,0,0,0,1,0,0,0,0,4,0,0,0,0,0,0,0,0,0
20210,2021,5,ËÀÍöÐýÎè,1,1,0,4,0,0,0,30070,0,10,0,3,20,0,0,0,10,19,0,0,400,0,4,0,0,0,0,0,1,0,0,0,0,0,1,0,0,0,0,4,0,0,0,0,0,0,0,0,0
20211,2021,5,ËÀÍöÐýÎè,1,1,0,4,1,0,0,30080,0,13,0,4,20,0,0,0,10,25,0,0,400,0,4,0,0,0,0,0,1,0,0,0,0,0,1,0,0,0,0,4,0,0,0,0,0,0,0,0,0
20212,2021,5,ËÀÍöÐýÎè,1,1,0,4,2,0,0,30090,0,15,0,5,20,0,0,0,0,0,0,0,400,0,4,0,0,0,0,0,1,0,0,0,0,0,1,0,0,0,0,4,0,0,0,0,0,0,0,0,0
20220,2022,1,°µÓ°Í»Ï®,1,1,0,4,0,0,0,30070,0,10,0,3,20,0,0,0,10,19,0,0,400,0,4,0,0,0,0,0,1,0,0,0,0,0,1,0,0,0,0,4,0,0,0,0,0,0,0,0,0
20221,2022,1,°µÓ°Í»Ï®,1,1,0,4,1,0,0,30080,0,13,0,4,20,0,0,0,10,25,0,0,400,0,4,0,0,0,0,0,1,0,0,0,0,0,1,0,0,0,0,4,0,0,0,0,0,0,0,0,0
20222,2022,1,°µÓ°Í»Ï®,1,1,0,4,2,0,0,30090,0,15,0,5,20,0,0,0,0,0,0,0,400,0,4,0,0,0,0,0,1,0,0,0,0,0,1,0,0,0,0,4,0,0,0,0,0,0,0,0,0
20230,2023,1,ÆÆ¿ÕÕ¶,1,0,0,0,0,4,0,70,0,100,0,0,20,0,0,0,10,19,0,0,0,0,0,0,0,0,0,0,0,0,0,0,0,0,1,0,0,0,0,4,0,0,0,0,0,0,0,0,0
20231,2023,1,ÆÆ¿ÕÕ¶,1,0,0,0,1,5,0,100,0,100,0,0,20,0,0,0,10,25,0,0,0,0,0,0,0,0,0,0,0,0,0,0,0,0,1,0,0,0,0,4,0,0,0,0,0,0,0,0,0
20232,2023,1,ÆÆ¿ÕÕ¶,1,0,0,0,2,6,0,30146,0,100,0,0,20,0,0,0,0,0,0,0,0,0,0,0,0,0,0,0,0,0,0,0,0,0,1,0,0,0,0,4,0,0,0,0,0,0,0,0,0
20260,2026,5,Éñ·£,1,1,0,4,0,9,0,30105,0,100,0,9,10,0,0,0,10,40,0,0,0,0,0,0,0,0,0,0,0,0,0,0,0,0,1,0,0,0,0,3,0,0,0,0,0,0,0,0,0
20261,2026,5,Éñ·£,1,1,0,4,1,11,0,30110,0,100,0,10,10,0,0,0,10,45,0,0,0,0,0,0,0,0,0,0,0,0,0,0,0,0,1,0,0,0,0,3,0,0,0,0,0,0,0,0,0
20262,2026,5,Éñ·£,1,1,0,4,2,13,0,30120,0,100,0,12,10,0,0,0,0,0,0,0,0,0,0,0,0,0,0,0,0,0,0,0,0,0,1,0,0,0,0,3,0,0,0,0,0,0,0,0,0
20290,2029,1,ËÀÉñ²Ã¾ö,1,0,0,0,0,4,0,70,0,100,0,0,20,0,0,0,10,19,0,0,0,0,0,0,0,0,0,0,0,0,0,0,0,0,1,0,0,0,0,4,0,0,0,0,0,0,0,0,0
20291,2029,1,ËÀÉñ²Ã¾ö,1,0,0,0,1,5,0,100,0,100,0,0,20,0,0,0,10,25,0,0,0,0,0,0,0,0,0,0,0,0,0,0,0,0,1,0,0,0,0,4,0,0,0,0,0,0,0,0,0
20292,2029,1,ËÀÉñ²Ã¾ö,1,0,0,0,2,6,0,30146,0,100,0,0,20,0,0,0,0,0,0,0,0,0,0,0,0,0,0,0,0,0,0,0,0,0,1,0,0,0,0,4,0,0,0,0,0,0,0,0,0
20300,2030,1,¹âÃ¢Ö®ÈÐ,1,0,0,0,0,4,0,70,0,100,0,0,20,0,0,0,10,19,0,0,0,0,0,0,0,0,0,0,0,0,0,0,0,0,1,0,0,0,0,4,0,0,0,0,0,0,0,0,0
20301,2030,1,¹âÃ¢Ö®ÈÐ,1,0,0,0,1,5,0,100,0,100,0,0,20,0,0,0,10,25,0,0,0,0,0,0,0,0,0,0,0,0,0,0,0,0,1,0,0,0,0,4,0,0,0,0,0,0,0,0,0
20302,2030,1,¹âÃ¢Ö®ÈÐ,1,0,0,0,2,6,0,30146,0,100,0,0,20,0,0,0,0,0,0,0,0,0,0,0,0,0,0,0,0,0,0,0,0,0,1,0,0,0,0,4,0,0,0,0,0,0,0,0,0
20320,2032,1,¶Ï¿ÕÆÆ,1,0,0,0,0,4,0,70,0,100,0,0,20,0,0,0,10,19,0,0,0,0,0,0,0,0,0,0,0,0,0,0,0,0,1,0,0,0,0,4,0,0,0,0,0,0,0,0,0
20321,2032,1,¶Ï¿ÕÆÆ,1,0,0,0,1,5,0,100,0,100,0,0,20,0,0,0,10,25,0,0,0,0,0,0,0,0,0,0,0,0,0,0,0,0,1,0,0,0,0,4,0,0,0,0,0,0,0,0,0
20322,2032,1,¶Ï¿ÕÆÆ,1,0,0,0,2,6,0,30146,0,100,0,0,20,0,0,0,0,0,0,0,0,0,0,0,0,0,0,0,0,0,0,0,0,0,1,0,0,0,0,4,0,0,0,0,0,0,0,0,0
//,,,,,,,,,,,,,,,,,,,,,,,,,,,,,,,,,,,,,,,,,,,,,,,,,,,,
//,,,,,,,,,,,,,,,,,,,,,,,,,,,,,,,,,,,,,,,,,,,,,,,,,,,,
//,,,,,,,,,,,,,,,,,,,,,,,,,,,,,,,,,,,,,,,,,,,,,,,,,,,,
//Ñª×å,,,,,,,,,,,,,,,,,,,,,,,,,,,,,,,,,,,,,,,,,,,,,,,,,,,, 
//,,,,,,,,,,,,,,,,,,,,,,,,,,,,,,,,,,,,,,,,,,,,,,,,,,,,
70010,7001,100,ÃÔÐÄÊõ,1,1,0,4,0,0,0,30115,0,100,0,8,20,0,0,0,0,7,0,0,0,0,0,0,0,0,0,0,0,0,0,0,0,150,1,0,0,0,0,3,0,0,0,0,0,0,0,0,0
70011,7001,100,ÃÔÐÄÊõ,1,1,0,4,1,0,0,30120,0,100,0,10,20,0,0,0,0,16,0,0,0,0,0,0,0,0,0,0,0,0,0,0,0,150,1,0,0,0,0,3,0,0,0,0,0,0,0,0,0
70012,7001,100,ÃÔÐÄÊõ,1,1,0,4,2,0,0,30130,0,100,0,12,20,0,0,0,0,0,0,0,0,0,0,0,0,0,0,0,0,0,0,0,0,150,1,0,0,0,0,3,0,0,0,0,0,0,0,0,0
70020,7002,101,»ÃÓ°ÉñÊõ,1,1,0,4,0,0,0,30115,0,100,0,8,20,0,0,0,1200,7,0,0,0,0,0,0,0,0,0,0,0,0,0,0,0,150,1,0,0,0,0,3,0,0,0,0,0,0,0,0,0
70021,7002,101,»ÃÓ°ÉñÊõ,1,1,0,4,1,0,0,30120,0,100,0,10,20,0,0,0,1400,16,0,0,0,0,0,0,0,0,0,0,0,0,0,0,0,150,1,0,0,0,0,3,0,0,0,0,0,0,0,0,0
70022,7002,101,»ÃÓ°ÉñÊõ,1,1,0,4,2,0,0,30130,0,100,0,12,20,0,0,0,0,0,0,0,0,0,0,0,0,0,0,0,0,0,0,0,0,150,1,0,0,0,0,3,0,0,0,0,0,0,0,0,0
70030,7003,1,ÕæÊÓ´ò»÷,1,1,0,4,0,0,0,30115,0,100,0,8,20,0,0,0,0,7,0,0,0,0,0,0,0,0,0,0,0,0,0,0,0,150,1,0,0,0,0,3,0,0,0,0,0,0,0,0,0
70031,7003,1,ÕæÊÓ´ò»÷,1,1,0,4,1,0,0,30120,0,100,0,10,20,0,0,0,0,16,0,0,0,0,0,0,0,0,0,0,0,0,0,0,0,150,1,0,0,0,0,3,0,0,0,0,0,0,0,0,0
70032,7003,1,ÕæÊÓ´ò»÷,1,1,0,4,2,0,0,30130,0,100,0,12,20,0,0,0,0,0,0,0,0,0,0,0,0,0,0,0,0,0,0,0,0,150,1,0,0,0,0,3,0,0,0,0,0,0,0,0,0
70040,7004,1,ÑªÁéÕÙ»½,1,1,0,4,0,0,0,30115,0,100,0,8,20,0,0,0,0,7,0,0,0,0,0,0,0,0,0,0,0,0,0,0,0,150,1,0,0,0,0,3,0,0,0,0,0,0,0,0,0
70041,7004,1,ÑªÁéÕÙ»½,1,1,0,4,1,0,0,30120,0,100,0,10,20,0,0,0,0,16,0,0,0,0,0,0,0,0,0,0,0,0,0,0,0,150,1,0,0,0,0,3,0,0,0,0,0,0,0,0,0
70042,7004,1,ÑªÁéÕÙ»½,1,1,0,4,2,0,0,30130,0,100,0,12,20,0,0,0,0,0,0,0,0,0,0,0,0,0,0,0,0,0,0,0,0,150,1,0,0,0,0,3,0,0,0,0,0,0,0,0,0
70060,7006,1,Á¶Ñª»¯Áé,1,1,0,4,0,0,0,30115,0,100,0,8,20,0,0,0,1000,7,0,0,0,0,0,0,0,0,0,0,0,0,0,0,0,150,1,0,0,0,0,3,0,0,0,0,0,0,0,0,0
70061,7006,1,Á¶Ñª»¯Áé,1,1,0,4,1,0,0,30120,0,100,0,10,20,0,0,0,2000,16,0,0,0,0,0,0,0,0,0,0,0,0,0,0,0,150,1,0,0,0,0,3,0,0,0,0,0,0,0,0,0
70062,7006,1,Á¶Ñª»¯Áé,1,1,0,4,2,0,0,30130,0,100,0,12,20,0,0,0,0,0,0,0,0,0,0,0,0,0,0,0,0,0,0,0,0,150,1,0,0,0,0,3,0,0,0,0,0,0,0,0,0
70070,7007,1,ÑªÏ®,1,0,0,0,0,0,0,0,0,100,0,10,10,0,0,0,0,0,0,0,0,0,0,0,0,0,0,0,0,0,0,0,0,0,1,0,40060907,40070321,0,0,0,0,0,0,0,0,0,0,0
70071,7007,1,ÑªÏ®,1,0,0,0,0,0,0,0,0,100,0,10,10,0,0,0,0,0,0,0,0,0,0,0,0,0,0,0,0,0,0,0,0,0,1,0,40060907,40070321,0,0,0,0,0,0,0,0,0,0,0
70072,7007,1,ÑªÏ®,1,0,0,0,0,0,0,0,0,100,0,10,10,0,0,0,0,0,0,0,0,0,0,0,0,0,0,0,0,0,0,0,0,0,1,0,40060907,40070321,0,0,0,0,0,0,0,0,0,0,0
70080,7008,81,Ñª»ªÉÁ,1,0,0,0,0,0,0,32000,0,100,0,13,18,0,0,0,0,0,0,1,0,0,0,0,1,3,0,0,1,0,0,0,0,0,1,0,0,0,10000,3,0,0,0,0,0,0,0,0,0
70081,7008,81,Ñª»ªÉÁ,1,0,0,0,1,0,0,30150,0,100,0,13,18,0,0,0,0,0,0,1,0,0,0,0,0,0,0,0,1,0,0,0,0,0,1,0,0,0,0,3,0,0,0,0,0,0,0,0,0
70082,7008,81,Ñª»ªÉÁ,1,0,0,0,2,0,0,30150,0,100,0,13,18,0,0,0,0,0,0,1,0,0,0,0,0,0,0,0,1,0,0,0,0,0,1,0,0,0,0,3,0,0,0,0,0,0,0,0,0
70090,7009,1,Ë²Ó°»÷,1,0,0,0,0,0,0,0,0,100,0,10,10,0,0,0,400,0,0,0,0,0,0,0,0,0,0,0,0,0,0,0,0,0,1,0,41200950,40130321,0,0,0,0,0,0,0,0,0,0,0
70091,7009,1,Ë²Ó°»÷,1,0,0,0,0,0,0,0,0,100,0,10,10,0,0,0,700,0,0,0,0,0,0,0,0,0,0,0,0,0,0,0,0,0,1,0,41200950,40130321,0,0,0,0,0,0,0,0,0,0,0
70092,7009,1,Ë²Ó°»÷,1,0,0,0,0,0,0,0,0,100,0,10,10,0,0,0,0,0,0,0,0,0,0,0,0,0,0,0,0,0,0,0,0,0,1,0,41200950,40130321,0,0,0,0,0,0,0,0,0,0,0
70100,7010,1,ÑªÓ°Ç§»Ã,1,0,0,0,0,0,0,0,0,100,0,10,10,0,0,0,10000,0,0,0,0,0,0,0,0,0,0,15,0,0,0,0,0,0,1,0,41800956,40200321,0,0,0,0,0,0,0,0,0,0,0
70101,7010,1,ÑªÓ°Ç§»Ã,1,0,0,0,0,0,0,0,0,100,0,10,10,0,0,0,20000,0,0,0,0,0,0,0,0,0,0,15,0,0,0,0,0,0,1,0,41800956,40200321,0,0,0,0,0,0,0,0,0,0,0
70102,7010,1,ÑªÓ°Ç§»Ã,1,0,0,0,0,0,0,0,0,100,0,10,10,0,0,0,0,0,0,0,0,0,0,0,0,0,0,15,0,0,0,0,0,0,1,0,41800956,40200321,0,0,0,0,0,0,0,0,0,0,0
70110,7011,1,ÑªÓ°ÂÖ»Ø,1,0,0,0,0,0,0,0,0,100,0,10,10,0,0,0,12000,0,0,0,0,0,0,0,0,0,0,25,0,0,0,0,0,0,1,0,43000965,40320321,0,0,0,0,0,0,0,0,0,0,0
70111,7011,1,ÑªÓ°ÂÖ»Ø,1,0,0,0,0,0,0,0,0,100,0,10,10,0,0,0,25000,0,0,0,0,0,0,0,0,0,0,25,0,0,0,0,0,0,1,0,43000965,40320321,0,0,0,0,0,0,0,0,0,0,0
70112,7011,1,ÑªÓ°ÂÖ»Ø,1,0,0,0,0,0,0,0,0,100,0,10,10,0,0,0,0,0,0,0,0,0,0,0,0,0,0,25,0,0,0,0,0,0,1,0,43000965,40320321,0,0,0,0,0,0,0,0,0,0,0
70120,7012,4,ÑªÒíÌìÏ®,1,0,0,0,0,0,0,0,0,100,0,10,10,0,0,0,0,0,0,1,0,0,0,0,0,0,0,0,0,0,0,0,0,0,1,0,0,0,0,0,0,0,0,0,0,0,0,0,0
70121,7012,4,ÑªÒíÌìÏ®,1,0,0,0,0,0,0,0,0,100,0,10,10,0,0,0,0,0,0,1,0,0,0,0,0,0,0,0,0,0,0,0,0,0,1,0,0,0,0,0,0,0,0,0,0,0,0,0,0
70122,7012,4,ÑªÒíÌìÏ®,1,0,0,0,0,0,0,0,0,100,0,10,10,0,0,0,0,0,0,1,0,0,0,0,0,0,0,0,0,0,0,0,0,0,1,0,0,0,0,0,0,0,0,0,0,0,0,0,0
70130,7013,5,ÑªÎèÓ°É·,1,0,0,0,0,0,0,0,0,100,0,10,10,0,0,0,0,0,0,1,0,0,0,0,0,0,0,0,0,0,0,0,0,0,1,0,0,0,0,0,0,0,0,0,0,0,0,0,0
70131,7013,5,ÑªÎèÓ°É·,1,0,0,0,0,0,0,0,0,100,0,10,10,0,0,0,0,0,0,1,0,0,0,0,0,0,0,0,0,0,0,0,0,0,1,0,0,0,0,0,0,0,0,0,0,0,0,0,0
70132,7013,5,ÑªÎèÓ°É·,1,0,0,0,0,0,0,0,0,100,0,10,10,0,0,0,0,0,0,1,0,0,0,0,0,0,0,0,0,0,0,0,0,0,1,0,0,0,0,0,0,0,0,0,0,0,0,0,0
70140,7014,5,ÑªÓêÐýÎÐ,1,0,0,0,0,0,0,0,0,100,0,10,10,0,0,0,0,0,0,1,0,0,0,0,0,0,0,0,0,0,0,0,0,0,1,0,0,0,0,0,0,0,0,0,0,0,0,0,0
70141,7014,5,ÑªÓêÐýÎÐ,1,0,0,0,0,0,0,0,0,100,0,10,10,0,0,0,0,0,0,1,0,0,0,0,0,0,0,0,0,0,0,0,0,0,1,0,0,0,0,0,0,0,0,0,0,0,0,0,0
70142,7014,5,ÑªÓêÐýÎÐ,1,0,0,0,0,0,0,0,0,100,0,10,10,0,0,0,0,0,0,1,0,0,0,0,0,0,0,0,0,0,0,0,0,0,1,0,0,0,0,0,0,0,0,0,0,0,0,0,0
70150,7015,5,ÑªÓò·ç±©,1,1,0,4,0,9,0,30105,0,100,0,9,10,0,0,0,10000,40,0,0,0,0,0,0,0,0,0,0,0,0,0,0,0,0,1,0,0,0,0,3,0,0,0,0,0,0,0,0,0
70151,7015,5,ÑªÓò·ç±©,1,1,0,4,1,0,0,30110,0,100,0,10,10,0,0,0,20000,45,0,0,0,0,0,0,0,0,0,0,0,0,0,0,0,0,1,0,0,0,0,3,0,0,0,0,0,0,0,0,0
70152,7015,5,ÑªÓò·ç±©,1,1,0,4,2,0,0,30120,0,100,0,12,10,0,0,0,0,0,0,0,0,0,0,0,0,0,0,0,0,0,0,0,0,0,1,0,0,0,0,3,0,0,0,0,0,0,0,0,0
70160,7016,1,ÑªÓ°ÐÇÃ¢,1,0,0,0,0,0,0,0,0,100,0,10,10,0,0,0,30000,0,0,0,0,0,0,0,0,0,0,25,0,0,0,0,0,0,1,0,40420983,40440321,0,0,0,0,0,0,0,0,0,0,0
70161,7016,1,ÑªÓ°ÐÇÃ¢,1,0,0,0,0,0,0,0,0,100,0,10,10,0,0,0,135000,0,0,0,0,0,0,0,0,0,0,25,0,0,0,0,0,0,1,0,40420983,40440321,0,0,0,0,0,0,0,0,0,0,0
70162,7016,1,ÑªÓ°ÐÇÃ¢,1,0,0,0,0,0,0,0,0,100,0,10,10,0,0,0,0,0,0,0,0,0,0,0,0,0,0,25,0,0,0,0,0,0,1,0,40420983,40440321,0,0,0,0,0,0,0,0,0,0,0
70170,7017,4,ÁÑÑªÉ±,1,1,0,4,0,0,0,30115,0,100,0,8,20,0,0,0,0,7,0,0,0,0,0,0,0,0,0,0,0,0,0,0,0,150,1,0,0,0,0,3,0,0,0,0,0,0,0,0,0
70171,7017,4,ÁÑÑªÉ±,1,1,0,4,1,0,0,30120,0,100,0,10,20,0,0,0,0,16,0,0,0,0,0,0,0,0,0,0,0,0,0,0,0,150,1,0,0,0,0,3,0,0,0,0,0,0,0,0,0
70172,7017,4,ÁÑÑªÉ±,1,1,0,4,2,0,0,30130,0,100,0,12,20,0,0,0,0,0,0,0,0,0,0,0,0,0,0,0,0,0,0,0,0,150,1,0,0,0,0,3,0,0,0,0,0,0,0,0,0
//ÍöÁéÎ×Ê¦,,,,,,,,,,,,,,,,,,,,,,,,,,,,,,,,,,,,,,,,,,,,,,,,,,,,
//ÎÞ×´Ì¬ÒªÇó,,,,,,,,,,,,,,,,,,,,,,,,,,,,,,,,,,,,,,,,,,,,,,,,,,,,
60060,6006,1,ÊÉ»êÖä,1,0,0,0,0,4,0,70,0,100,0,0,20,0,0,0,400,19,0,0,0,0,0,0,0,0,0,0,0,0,0,0,0,0,1,0,0,0,0,4,0,0,0,0,0,0,0,0,0
60061,6006,1,ÊÉ»êÖä,1,0,0,0,1,5,0,100,0,100,0,0,20,0,0,0,700,25,0,0,0,0,0,0,0,0,0,0,0,0,0,0,0,0,1,0,0,0,0,4,0,0,0,0,0,0,0,0,0
60062,6006,1,ÊÉ»êÖä,1,0,0,0,2,6,0,30146,0,100,0,0,20,0,0,0,0,0,0,0,0,0,0,0,0,0,0,0,0,0,0,0,0,0,1,0,0,0,0,4,0,0,0,0,0,0,0,0,0
60400,6040,90,ÕÙ»½Î×»·,0,0,0,2,0,20,0,1,0,100,30,0,10,0,17,0,0,27,0,0,0,0,0,0,0,0,0,0,0,0,0,0,0,0,1,0,0,0,0,3,0,0,0,0,0,0,0,0,0
60401,6040,90,ÕÙ»½Î×»·,0,0,0,2,1,25,0,1,0,100,45,0,10,0,17,0,0,33,0,0,0,0,0,0,0,0,0,0,0,0,0,0,0,0,1,0,0,0,0,3,0,0,0,0,0,0,0,0,0
60402,6040,90,ÕÙ»½Î×»·,0,0,0,2,2,30,0,1,0,100,60,0,10,0,17,0,0,0,0,0,0,0,0,0,0,0,0,0,0,0,0,0,0,0,1,0,0,0,0,3,0,0,0,0,0,0,0,0,0
60070,6007,1,ÍöÂÖÖä,1,0,0,0,0,0,0,32000,0,100,0,0,14,0,0,4,0,0,0,1,0,0,0,0,1,3,0,0,1,0,0,0,0,0,1,0,0,0,10000,3,0,0,0,0,0,0,0,0,0
60071,6007,1,ÍöÂÖÖä,1,0,0,0,1,0,0,30150,0,100,0,2,14,0,0,0,0,0,0,1,0,0,0,0,0,0,0,0,1,0,0,0,0,0,1,0,0,0,0,3,0,0,0,0,0,0,0,0,0
60072,6007,1,ÍöÂÖÖä,1,0,0,0,2,0,0,30150,0,100,0,2,14,0,0,0,0,0,0,1,0,0,0,0,0,0,0,0,1,0,0,0,0,0,1,0,0,0,0,3,0,0,0,0,0,0,0,0,0
60080,6008,5,ºÚÁúÎè,1,1,0,4,0,0,0,34000,0,100,0,12,14,0,0,0,0,0,0,1,0,0,0,0,0,0,0,0,0,0,0,0,0,0,1,0,0,0,0,3,0,0,0,0,0,0,0,0,0
60082,6008,5,ºÚÁúÎè,1,1,0,4,2,4,0,34000,0,100,0,12,14,0,0,0,0,0,0,1,0,0,0,0,0,0,0,0,0,0,0,0,0,0,1,0,0,0,0,3,0,0,0,0,0,0,0,0,0
60081,6008,5,ºÚÁúÎè,1,1,0,4,1,4,0,34000,0,100,0,12,14,0,0,0,0,0,0,1,0,0,0,0,0,0,0,0,0,0,0,0,0,0,1,0,0,0,0,3,0,0,0,0,0,0,0,0,0
60090,6009,1,ÁÑ»êÉÁ,1,1,0,4,0,0,0,34000,0,100,0,12,14,0,0,0,10000,0,0,0,0,0,0,0,0,0,0,0,0,0,0,0,0,0,1,0,4000700012,4000710321,0,3,0,0,0,0,0,0,0,0,0
60092,6009,1,ÁÑ»êÉÁ,1,1,0,4,2,4,0,34000,0,100,0,12,14,0,0,0,20000,0,0,0,0,0,0,0,0,0,0,0,0,0,0,0,0,0,1,0,4000700012,4000710321,0,3,0,0,0,0,0,0,0,0,0
60091,6009,1,ÁÑ»êÉÁ,1,1,0,4,1,4,0,34000,0,100,0,12,14,0,0,0,0,0,0,0,0,0,0,0,0,0,0,0,0,0,0,0,0,0,1,0,4000700012,4000710321,0,3,0,0,0,0,0,0,0,0,0
60100,6010,4,ÓÀÒ¹¼«±¬,1,1,0,4,0,0,0,34000,0,100,0,13,14,0,0,0,0,0,0,1,0,0,0,0,0,0,0,0,0,0,0,0,0,110,1,0,0,0,0,3,0,0,0,0,0,0,0,0,0
60101,6010,4,ÓÀÒ¹¼«±¬,1,1,0,4,1,3,0,34500,0,100,0,7,14,0,0,0,0,0,0,1,0,0,0,0,0,0,0,0,0,0,0,0,0,100,1,0,0,0,0,3,0,0,0,0,0,0,0,0,0
60102,6010,4,ÓÀÒ¹¼«±¬,1,1,0,4,2,3,0,35000,0,100,0,6,14,0,0,0,0,0,0,1,0,0,0,0,0,0,0,0,0,0,0,0,0,95,1,0,0,0,0,3,0,0,0,0,0,0,0,0,0
60110,6011,92,½µÁéÖäÓê,1,1,0,4,0,0,0,34000,0,100,0,12,14,0,0,0,10000,0,0,0,0,0,0,0,0,0,0,0,0,0,0,0,0,0,1,0,0,0,0,3,0,0,0,0,0,0,0,0,0
60111,6011,92,½µÁéÖäÓê,1,1,0,4,2,4,0,34000,0,100,0,12,14,0,0,0,20000,0,0,0,0,0,0,0,0,0,0,0,0,0,0,0,0,0,1,0,0,0,0,3,0,0,0,0,0,0,0,0,0
60112,6011,92,½µÁéÖäÓê,1,1,0,4,1,4,0,34000,0,100,0,12,14,0,0,0,0,0,0,0,0,0,0,0,0,0,0,0,0,0,0,0,0,0,1,0,0,0,0,3,0,0,0,0,0,0,0,0,0
60450,6045,1,ÆÆÁéÖä,1,0,0,0,0,4,0,70,0,100,0,0,20,0,0,0,8000,19,0,0,0,0,0,0,0,0,0,0,0,0,0,0,0,0,1,0,0,0,0,4,0,0,0,0,0,0,0,0,0
60451,6045,1,ÆÆÁéÖä,1,0,0,0,1,5,0,100,0,100,0,0,20,0,0,0,12000,25,0,0,0,0,0,0,0,0,0,0,0,0,0,0,0,0,1,0,0,0,0,4,0,0,0,0,0,0,0,0,0
60452,6045,1,ÆÆÁéÖä,1,0,0,0,2,6,0,30146,0,100,0,0,20,0,0,0,0,0,0,0,0,0,0,0,0,0,0,0,0,0,0,0,0,0,1,0,0,0,0,4,0,0,0,0,0,0,0,0,0
//,,,,,,,,,,,,,,,,,,,,,,,,,,,,,,,,,,,,,,,,,,,,,,,,,,,,
60170,6017,5,Î×Å­ÊÉ»ê,1,1,0,4,0,0,0,34000,0,100,0,12,14,0,0,0,0,0,0,1,0,0,0,0,0,0,0,0,0,0,0,0,0,0,1,0,0,0,0,3,0,0,0,0,0,0,0,0,0
60171,6017,5,Î×Å­ÊÉ»ê,1,1,0,4,2,4,0,34000,0,100,0,12,14,0,0,0,0,0,0,1,0,0,0,0,0,0,0,0,0,0,0,0,0,0,1,0,0,0,0,3,0,0,0,0,0,0,0,0,0
60172,6017,5,Î×Å­ÊÉ»ê,1,1,0,4,1,4,0,34000,0,100,0,12,14,0,0,0,0,0,0,1,0,0,0,0,0,0,0,0,0,0,0,0,0,0,1,0,0,0,0,3,0,0,0,0,0,0,0,0,0
60150,6015,99,¹ÇÁéÆõÔ¼,1,1,0,4,0,0,0,34000,0,100,0,12,14,0,0,0,0,0,0,1,0,0,0,0,0,0,0,0,0,0,0,0,0,0,1,0,0,0,0,3,0,0,0,0,0,0,0,0,0
60151,6015,99,¹ÇÁéÆõÔ¼,1,1,0,4,2,4,0,34000,0,100,0,12,14,0,0,0,0,0,0,1,0,0,0,0,0,0,0,0,0,0,0,0,0,0,1,0,0,0,0,3,0,0,0,0,0,0,0,0,0
60152,6015,99,¹ÇÁéÆõÔ¼,1,1,0,4,1,4,0,34000,0,100,0,12,14,0,0,0,0,0,0,1,0,0,0,0,0,0,0,0,0,0,0,0,0,0,1,0,0,0,0,3,0,0,0,0,0,0,0,0,0
//,,,,,,,,,,,,,,,,,,,,,,,,,,,,,,,,,,,,,,,,,,,,,,,,,,,,
//,,,,,,,,,,,,,,,,,,,,,,,,,,,,,,,,,,,,,,,,,,,,,,,,,,,,
//Î×Ê¦ÐÎÌ¬,,,,,,,,,,,,,,,,,,,,,,,,,,,,,,,,,,,,,,,,,,,,,,,,,,,,
60000,6000,93,°µÉ³Ð°Áú,1,0,0,0,0,4,0,70,0,100,0,0,20,0,0,0,400,19,0,0,0,0,0,0,0,0,0,0,0,0,0,0,0,0,1,0,0,0,0,4,0,0,0,0,0,0,0,0,0
60001,6000,93,°µÉ³Ð°Áú,1,0,0,0,1,5,0,100,0,100,0,0,20,0,0,0,700,25,0,0,0,0,0,0,0,0,0,0,0,0,0,0,0,0,1,0,0,0,0,4,0,0,0,0,0,0,0,0,0
60002,6000,93,°µÉ³Ð°Áú,1,0,0,0,2,6,0,30146,0,100,0,0,20,0,0,0,0,0,0,0,0,0,0,0,0,0,0,0,0,0,0,0,0,0,1,0,0,0,0,4,0,0,0,0,0,0,0,0,0
60020,6002,94,Ú¤¹úÊ¥Å®,1,0,0,0,0,4,0,70,0,100,0,0,20,0,0,0,10000,19,0,0,0,0,0,0,0,0,0,0,0,0,0,0,0,0,1,0,0,0,0,4,0,0,0,0,0,0,0,0,0
60021,6002,94,Ú¤¹úÊ¥Å®,1,0,0,0,1,5,0,100,0,100,0,0,20,0,0,0,20000,25,0,0,0,0,0,0,0,0,0,0,0,0,0,0,0,0,1,0,0,0,0,4,0,0,0,0,0,0,0,0,0
60022,6002,94,Ú¤¹úÊ¥Å®,1,0,0,0,2,6,0,30146,0,100,0,0,20,0,0,0,0,0,0,0,0,0,0,0,0,0,0,0,0,0,0,0,0,0,1,0,0,0,0,4,0,0,0,0,0,0,0,0,0
60040,6004,95,ÍöÄîÎ×Áé,1,0,0,0,0,4,0,70,0,100,0,0,20,0,0,0,20000,19,0,0,0,0,0,0,0,0,0,0,0,0,0,0,0,0,1,0,0,0,0,4,0,0,0,0,0,0,0,0,0
60041,6004,95,ÍöÄîÎ×Áé,1,0,0,0,1,5,0,100,0,100,0,0,20,0,0,0,30000,25,0,0,0,0,0,0,0,0,0,0,0,0,0,0,0,0,1,0,0,0,0,4,0,0,0,0,0,0,0,0,0
60042,6004,95,ÍöÄîÎ×Áé,1,0,0,0,2,6,0,30146,0,100,0,0,20,0,0,0,0,0,0,0,0,0,0,0,0,0,0,0,0,0,0,0,0,0,1,0,0,0,0,4,0,0,0,0,0,0,0,0,0
60200,6020,5,´«ËÍÄ§Ïñ,1,1,0,4,0,0,0,34000,0,100,0,12,14,0,0,0,0,0,0,1,0,0,0,0,0,0,0,0,0,0,0,0,0,0,1,0,0,0,0,3,0,0,0,0,0,0,0,0,0
60201,6020,5,´«ËÍÄ§Ïñ,1,1,0,4,2,4,0,34000,0,100,0,12,14,0,0,0,0,0,0,1,0,0,0,0,0,0,0,0,0,0,0,0,0,0,1,0,0,0,0,3,0,0,0,0,0,0,0,0,0
60202,6020,5,´«ËÍÄ§Ïñ,1,1,0,4,1,4,0,34000,0,100,0,12,14,0,0,0,0,0,0,1,0,0,0,0,0,0,0,0,0,0,0,0,0,0,1,0,0,0,0,3,0,0,0,0,0,0,0,0,0
//ÍöÁéÐÎÌ¬,,,,,,,,,,,,,,,,,,,,,,,,,,,,,,,,,,,,,,,,,,,,,,,,,,,,
60010,6001,96,ÉîÔ¨¶ñÁé,1,0,0,0,0,4,0,70,0,100,0,0,20,0,0,0,400,19,0,0,0,0,0,0,0,0,0,0,0,0,0,0,0,0,1,0,0,0,0,4,0,0,0,0,0,0,0,0,0
60011,6001,96,ÉîÔ¨¶ñÁé,1,0,0,0,1,5,0,100,0,100,0,0,20,0,0,0,700,25,0,0,0,0,0,0,0,0,0,0,0,0,0,0,0,0,1,0,0,0,0,4,0,0,0,0,0,0,0,0,0
60012,6001,96,ÉîÔ¨¶ñÁé,1,0,0,0,2,6,0,30146,0,100,0,0,20,0,0,0,0,0,0,0,0,0,0,0,0,0,0,0,0,0,0,0,0,0,1,0,0,0,0,4,0,0,0,0,0,0,0,0,0
60030,6003,98,Ê´»êÎ×Áé,1,0,0,0,0,4,0,70,0,100,0,0,20,0,0,0,10000,19,0,0,0,0,0,0,0,0,0,0,0,0,0,0,0,0,1,0,0,0,0,4,0,0,0,0,0,0,0,0,0
60031,6003,98,Ê´»êÎ×Áé,1,0,0,0,1,5,0,100,0,100,0,0,20,0,0,0,20000,25,0,0,0,0,0,0,0,0,0,0,0,0,0,0,0,0,1,0,0,0,0,4,0,0,0,0,0,0,0,0,0
60032,6003,98,Ê´»êÎ×Áé,1,0,0,0,2,6,0,30146,0,100,0,0,20,0,0,0,0,0,0,0,0,0,0,0,0,0,0,0,0,0,0,0,0,0,1,0,0,0,0,4,0,0,0,0,0,0,0,0,0
60050,6005,97,µØÓüÐ°òð,1,0,0,0,0,4,0,70,0,100,0,0,20,0,0,0,20000,19,0,0,0,0,0,0,0,0,0,0,0,0,0,0,0,0,1,0,0,0,0,4,0,0,0,0,0,0,0,0,0
60051,6005,97,µØÓüÐ°òð,1,0,0,0,1,5,0,100,0,100,0,0,20,0,0,0,30000,25,0,0,0,0,0,0,0,0,0,0,0,0,0,0,0,0,1,0,0,0,0,4,0,0,0,0,0,0,0,0,0
60052,6005,97,µØÓüÐ°òð,1,0,0,0,2,6,0,30146,0,100,0,0,20,0,0,0,0,0,0,0,0,0,0,0,0,0,0,0,0,0,0,0,0,0,1,0,0,0,0,4,0,0,0,0,0,0,0,0,0
60210,6021,5,°µÃð³±»ê,1,1,0,4,0,0,0,34000,0,100,0,12,14,0,0,0,0,0,0,1,0,0,0,0,0,0,0,0,0,0,0,0,0,0,1,0,0,0,0,3,0,0,0,0,0,0,0,0,0
60211,6021,5,°µÃð³±»ê,1,1,0,4,2,4,0,34000,0,100,0,12,14,0,0,0,0,0,0,1,0,0,0,0,0,0,0,0,0,0,0,0,0,0,1,0,0,0,0,3,0,0,0,0,0,0,0,0,0
60212,6021,5,°µÃð³±»ê,1,1,0,4,1,4,0,34000,0,100,0,12,14,0,0,0,0,0,0,1,0,0,0,0,0,0,0,0,0,0,0,0,0,0,1,0,0,0,0,3,0,0,0,0,0,0,0,0,0
//°µºÚÁúÆï,,,,,,,,,,,,,,,,,,,,,,,,,,,,,,,,,,,,,,,,,,,,,,,,,,,,
52250,5225,40,Ä§ÁúÊØ»¤,0,0,0,2,0,0,0,100,0,100,90,0,20,0,45,0,300,28,0,0,0,0,0,0,0,0,0,1,1,0,0,0,0,0,1,0,0,0,0,0,0,0,0,0,0,0,0,0,0
52251,5225,40,Ä§ÁúÊØ»¤,0,0,0,2,1,0,0,300,0,100,90,0,20,0,45,0,500,33,0,0,0,0,0,0,0,0,0,2,1,0,0,0,0,0,1,0,0,0,0,0,0,0,0,0,0,0,0,0,0
52252,5225,40,Ä§ÁúÊØ»¤,0,0,0,2,2,0,0,500,0,100,90,0,20,0,45,0,0,0,0,0,0,0,0,0,0,0,0,3,1,0,0,0,0,0,1,0,0,0,0,0,0,0,0,0,0,0,0,0,0
52140,5214,4,Ñæ»êÇ¹¡¤ÁÑµØ,1,1,0,4,0,0,0,30115,0,100,0,8,20,0,0,0,400,7,0,0,0,0,0,0,0,0,0,0,0,0,0,0,0,150,1,0,0,0,0,3,0,0,0,0,0,0,0,0,0
52141,5214,4,Ñæ»êÇ¹¡¤ÁÑµØ,1,1,0,4,1,0,0,30120,0,100,0,10,20,0,0,0,700,16,0,0,0,0,0,0,0,0,0,0,0,0,0,0,0,150,1,0,0,0,0,3,0,0,0,0,0,0,0,0,0
52142,5214,4,Ñæ»êÇ¹¡¤ÁÑµØ,1,1,0,4,2,0,0,30130,0,100,0,12,20,0,0,0,0,0,0,0,0,0,0,0,0,0,0,0,0,0,0,0,0,150,1,0,0,0,0,3,0,0,0,0,0,0,0,0,0
52150,5215,4,Ñæ»êÇ¹¡¤¶Ï¿Õ,1,1,0,4,0,0,0,30115,0,100,0,8,20,0,0,0,2000,7,0,0,0,0,0,0,0,0,0,0,0,0,0,0,0,150,1,0,0,0,0,3,0,0,0,0,0,0,0,0,0
52151,5215,4,Ñæ»êÇ¹¡¤¶Ï¿Õ,1,1,0,4,1,0,0,30120,0,100,0,10,20,0,0,0,3000,16,0,0,0,0,0,0,0,0,0,0,0,0,0,0,0,150,1,0,0,0,0,3,0,0,0,0,0,0,0,0,0
52152,5215,4,Ñæ»êÇ¹¡¤¶Ï¿Õ,1,1,0,4,2,0,0,30130,0,100,0,12,20,0,0,0,0,0,0,0,0,0,0,0,0,0,0,0,0,0,0,0,0,150,1,0,0,0,0,3,0,0,0,0,0,0,0,0,0
52160,5216,4,Ñæ»êÇ¹¡¤»ÃÃð,1,1,0,4,0,0,0,30115,0,100,0,8,20,0,0,0,5000,7,0,0,0,0,0,0,0,0,0,0,0,0,0,0,0,150,1,0,0,0,0,3,0,0,0,0,0,0,0,0,0
52161,5216,4,Ñæ»êÇ¹¡¤»ÃÃð,1,1,0,4,1,0,0,30120,0,100,0,10,20,0,0,0,6000,16,0,0,0,0,0,0,0,0,0,0,0,0,0,0,0,150,1,0,0,0,0,3,0,0,0,0,0,0,0,0,0
52162,5216,4,Ñæ»êÇ¹¡¤»ÃÃð,1,1,0,4,2,0,0,30130,0,100,0,12,20,0,0,0,0,0,0,0,0,0,0,0,0,0,0,0,0,0,0,0,0,150,1,0,0,0,0,3,0,0,0,0,0,0,0,0,0
52410,5241,41,³ãÁ´ÔÉÃð,1,1,0,4,0,0,0,30115,0,100,0,8,20,0,0,0,10000,7,0,0,0,0,0,0,0,0,0,0,0,0,0,0,0,150,1,0,0,0,0,3,0,0,0,0,0,0,0,0,0
52411,5241,41,³ãÁ´ÔÉÃð,1,1,0,4,1,0,0,30120,0,100,0,10,20,0,0,0,20000,16,0,0,0,0,0,0,0,0,0,0,0,0,0,0,0,150,1,0,0,0,0,3,0,0,0,0,0,0,0,0,0
52412,5241,41,³ãÁ´ÔÉÃð,1,1,0,4,2,0,0,30130,0,100,0,12,20,0,0,0,0,0,0,0,0,0,0,0,0,0,0,0,0,0,0,0,0,150,1,0,0,0,0,3,0,0,0,0,0,0,0,0,0
52120,5212,1,ÁúÇ¹ÁÔ»ê,1,0,0,0,0,0,0,0,0,100,0,10,10,0,0,0,0,2000,0,0,0,0,0,0,0,0,0,12,0,0,0,0,0,0,1,0,419401015,401950321,0,0,0,0,0,0,0,0,0,0,0
52121,5212,1,ÁúÇ¹ÁÔ»ê,1,0,0,0,0,0,0,0,0,100,0,10,10,0,0,0,0,3000,0,0,0,0,0,0,0,0,0,12,0,0,0,0,0,0,1,0,419401015,401950321,0,0,0,0,0,0,0,0,0,0,0
52122,5212,1,ÁúÇ¹ÁÔ»ê,1,0,0,0,0,0,0,0,0,100,0,10,10,0,0,0,0,0,0,0,0,0,0,0,0,0,0,12,0,0,0,0,0,0,1,0,419401015,401950321,0,0,0,0,0,0,0,0,0,0,0
52110,5211,42,ÆïÊ¿ÍÅÊØ»¤,1,1,0,4,0,0,0,30115,0,100,0,8,20,0,0,0,10,400,0,0,0,0,0,0,0,0,0,0,0,0,0,0,0,150,1,0,0,0,0,3,0,0,0,0,0,0,0,0,0
52111,5211,42,ÆïÊ¿ÍÅÊØ»¤,1,1,0,4,1,0,0,30120,0,100,0,10,20,0,0,0,10,700,0,0,0,0,0,0,0,0,0,0,0,0,0,0,0,150,1,0,0,0,0,3,0,0,0,0,0,0,0,0,0
52112,5211,42,ÆïÊ¿ÍÅÊØ»¤,1,1,0,4,2,0,0,30130,0,100,0,12,20,0,0,0,0,0,0,0,0,0,0,0,0,0,0,0,0,0,0,0,0,150,1,0,0,0,0,3,0,0,0,0,0,0,0,0,0
52130,5213,1,ÁúÇ¹Ôá»ê,1,0,0,0,0,0,0,0,0,100,0,10,10,0,0,0,0,5000,0,0,0,0,0,0,0,0,0,15,0,0,0,0,0,0,1,0,423001042,402310321,0,0,0,0,0,0,0,0,0,0,0
52131,5213,1,ÁúÇ¹Ôá»ê,1,0,0,0,0,0,0,0,0,100,0,10,10,0,0,0,0,6000,0,0,0,0,0,0,0,0,0,15,0,0,0,0,0,0,1,0,423001042,402310321,0,0,0,0,0,0,0,0,0,0,0
52132,5213,1,ÁúÇ¹Ôá»ê,1,0,0,0,0,0,0,0,0,100,0,10,10,0,0,0,0,0,0,0,0,0,0,0,0,0,0,15,0,0,0,0,0,0,1,0,423001042,402310321,0,0,0,0,0,0,0,0,0,0,0
52210,5221,43,ÆïÊ¿ÍÅ³å·æ,1,1,0,4,0,0,0,30115,0,100,0,8,20,0,0,0,10,12000,0,0,0,0,0,0,0,0,0,0,0,0,0,0,0,150,1,0,0,0,0,3,0,0,0,0,0,0,0,0,0
52211,5221,43,ÆïÊ¿ÍÅ³å·æ,1,1,0,4,1,0,0,30120,0,100,0,10,20,0,0,0,10,25000,0,0,0,0,0,0,0,0,0,0,0,0,0,0,0,150,1,0,0,0,0,3,0,0,0,0,0,0,0,0,0
52212,5221,43,ÆïÊ¿ÍÅ³å·æ,1,1,0,4,2,0,0,30130,0,100,0,12,20,0,0,0,0,0,0,0,0,0,0,0,0,0,0,0,0,0,0,0,0,150,1,0,0,0,0,3,0,0,0,0,0,0,0,0,0
52170,5217,4,Ñæ»êÇ¹¡¤Á÷Ñæ,1,1,0,4,0,0,0,30115,0,100,0,8,20,0,0,0,10,2000,0,0,0,0,0,0,0,0,0,0,0,0,0,0,0,150,1,0,0,0,0,3,0,0,0,0,0,0,0,0,0
52171,5217,4,Ñæ»êÇ¹¡¤Á÷Ñæ,1,1,0,4,1,0,0,30120,0,100,0,10,20,0,0,0,10,3000,0,0,0,0,0,0,0,0,0,0,0,0,0,0,0,150,1,0,0,0,0,3,0,0,0,0,0,0,0,0,0
52172,5217,4,Ñæ»êÇ¹¡¤Á÷Ñæ,1,1,0,4,2,0,0,30130,0,100,0,12,20,0,0,0,0,0,0,0,0,0,0,0,0,0,0,0,0,0,0,0,0,150,1,0,0,0,0,3,0,0,0,0,0,0,0,0,0
52180,5218,4,Ñæ»êÇ¹¡¤·É»ð,1,1,0,4,0,0,0,30115,0,100,0,8,20,0,0,0,10,3500,0,0,0,0,0,0,0,0,0,0,0,0,0,0,0,150,1,0,0,0,0,3,0,0,0,0,0,0,0,0,0
52181,5218,4,Ñæ»êÇ¹¡¤·É»ð,1,1,0,4,1,0,0,30120,0,100,0,10,20,0,0,0,10,6000,0,0,0,0,0,0,0,0,0,0,0,0,0,0,0,150,1,0,0,0,0,3,0,0,0,0,0,0,0,0,0
52182,5218,4,Ñæ»êÇ¹¡¤·É»ð,1,1,0,4,2,0,0,30130,0,100,0,12,20,0,0,0,0,0,0,0,0,0,0,0,0,0,0,0,0,0,0,0,0,150,1,0,0,0,0,3,0,0,0,0,0,0,0,0,0
52190,5219,4,Ñæ»êÇ¹¡¤·ÙÌì,1,1,0,4,0,0,0,30115,0,100,0,8,20,0,0,0,10,7500,0,0,0,0,0,0,0,0,0,0,0,0,0,0,0,150,1,0,0,0,0,3,0,0,0,0,0,0,0,0,0
52191,5219,4,Ñæ»êÇ¹¡¤·ÙÌì,1,1,0,4,1,0,0,30120,0,100,0,10,20,0,0,0,10,10000,0,0,0,0,0,0,0,0,0,0,0,0,0,0,0,150,1,0,0,0,0,3,0,0,0,0,0,0,0,0,0
52192,5219,4,Ñæ»êÇ¹¡¤·ÙÌì,1,1,0,4,2,0,0,30130,0,100,0,12,20,0,0,0,0,0,0,0,0,0,0,0,0,0,0,0,0,0,0,0,0,150,1,0,0,0,0,3,0,0,0,0,0,0,0,0,0
52200,5220,4,Ñæ»êÇ¹¡¤äÎÃð,1,1,0,4,0,0,0,30115,0,100,0,8,20,0,0,0,10,10000,0,0,0,0,0,0,0,0,0,0,0,0,0,0,0,150,1,0,0,0,0,3,0,0,0,0,0,0,0,0,0
52201,5220,4,Ñæ»êÇ¹¡¤äÎÃð,1,1,0,4,1,0,0,30120,0,100,0,10,20,0,0,0,10,20000,0,0,0,0,0,0,0,0,0,0,0,0,0,0,0,150,1,0,0,0,0,3,0,0,0,0,0,0,0,0,0
52202,5220,4,Ñæ»êÇ¹¡¤äÎÃð,1,1,0,4,2,0,0,30130,0,100,0,12,20,0,0,0,0,0,0,0,0,0,0,0,0,0,0,0,0,0,0,0,0,150,1,0,0,0,0,3,0,0,0,0,0,0,0,0,0
52420,5242,1,ÁúÇ¹Ëé»ê,1,0,0,0,0,0,0,0,0,100,0,10,10,0,0,0,0,12000,0,0,0,0,0,0,0,0,0,15,0,0,0,0,0,0,1,0,420001016,402020321,0,0,0,0,0,0,0,0,0,0,0
52421,5242,1,ÁúÇ¹Ëé»ê,1,0,0,0,0,0,0,0,0,100,0,10,10,0,0,0,0,25000,0,0,0,0,0,0,0,0,0,15,0,0,0,0,0,0,1,0,420001016,402020321,0,0,0,0,0,0,0,0,0,0,0
52422,5242,1,ÁúÇ¹Ëé»ê,1,0,0,0,0,0,0,0,0,100,0,10,10,0,0,0,0,0,0,0,0,0,0,0,0,0,0,0,0,0,0,0,0,0,1,0,420001016,402020321,0,0,0,0,0,0,0,0,0,0,0
52220,5222,1,¶ÏºçÉÁ,1,0,0,0,0,0,0,32000,0,100,0,0,14,0,0,4,0,0,0,1,0,0,0,0,1,3,0,0,1,0,0,0,0,0,1,0,0,0,10000,3,0,0,0,0,0,0,0,0,0
52221,5222,1,¶ÏºçÉÁ,1,0,0,0,1,0,0,30150,0,100,0,2,14,0,0,0,0,0,0,1,0,0,0,0,0,0,0,0,1,0,0,0,0,0,1,0,0,0,0,3,0,0,0,0,0,0,0,0,0
52222,5222,1,¶ÏºçÉÁ,1,0,0,0,2,0,0,30150,0,100,0,2,14,0,0,0,0,0,0,1,0,0,0,0,0,0,0,0,1,0,0,0,0,0,1,0,0,0,0,3,0,0,0,0,0,0,0,0,0
52230,5223,14,ËéÐÇ×ê,1,0,0,4,0,0,0,30070,0,100,0,8,15,0,0,0,10,0,0,1,400,0,0,0,0,0,0,2,1,0,0,0,0,0,1,0,0,0,0,4,0,0,0,0,0,0,0,0,0
52231,5223,14,ËéÐÇ×ê,1,0,0,4,1,0,0,30080,0,100,0,11,15,0,0,0,10,0,0,1,400,0,0,0,0,0,0,4,1,0,0,0,0,0,1,0,0,0,0,4,0,0,0,0,0,0,0,0,0
52232,5223,14,ËéÐÇ×ê,1,0,0,4,2,0,0,30090,0,100,0,13,15,0,0,0,0,0,0,1,400,0,0,0,0,0,0,6,1,0,0,0,0,0,1,0,0,0,0,4,0,0,0,0,0,0,0,0,0
52450,5245,5,ÃðÊÀÉóÅÐ,1,1,0,4,0,0,0,34000,0,100,0,12,14,0,0,0,0,0,0,1,0,0,0,0,0,0,0,0,0,0,0,0,0,0,1,0,0,0,0,3,0,0,0,0,0,0,0,0,0
52452,5245,5,ÃðÊÀÉóÅÐ,1,1,0,4,2,0,0,34000,0,100,0,12,14,0,0,0,0,0,0,1,0,0,0,0,0,0,0,0,0,0,0,0,0,0,1,0,0,0,0,3,0,0,0,0,0,0,0,0,0
52451,5245,5,ÃðÊÀÉóÅÐ,1,1,0,4,1,0,0,34000,0,100,0,12,14,0,0,0,0,0,0,1,0,0,0,0,0,0,0,0,0,0,0,0,0,0,1,0,0,0,0,3,0,0,0,0,0,0,0,0,0
//,,,,,,,,,,,,,,,,,,,,,,,,,,,,,,,,,,,,,,,,,,,,,,,,,,,,
//,,,,,,,,,,,,,,,,,,,,,,,,,,,,,,,,,,,,,,,,,,,,,,,,,,,,
//»ÃÊÞµÄ¼¼ÄÜ--ÔÝÊ±ÎÞÓÃ,,,,,,,,,,,,,,,,,,,,,,,,,,,,,,,,,,,,,,,,,,,,,,,,,,,,
81000,5000,4,Åùö¨µ¯,1,1,0,4,0,4,0,30100,0,100,0,8,20,0,0,0,0,0,0,0,0,0,0,0,0,0,0,0,0,0,0,0,0,110,1,0,0,0,0,3,0,0,0,0,0,0,0,0,0
81001,5000,4,Åùö¨µ¯,1,1,0,4,1,4,0,30120,0,100,0,7,20,0,0,0,0,0,0,0,0,0,0,0,0,0,0,0,0,0,0,0,0,100,1,0,0,0,0,3,0,0,0,0,0,0,0,0,0
81002,5000,4,Åùö¨µ¯,1,1,0,4,2,4,0,30150,0,100,0,6,20,0,0,0,0,0,0,0,0,0,0,0,0,0,0,0,0,0,0,0,0,95,1,0,0,0,0,3,0,0,0,0,0,0,0,0,0
81003,5000,4,Åùö¨µ¯,1,1,0,4,3,3,0,30200,0,100,0,5,20,0,0,0,0,0,0,0,0,0,0,0,0,0,0,0,0,0,0,0,0,90,1,0,0,0,0,3,0,0,0,0,0,0,0,0,0
81030,5103,2,ÖÎÁÆÊõ,0,0,0,2,0,10,0,50,0,100,0,0,20,0,0,0,0,0,0,0,0,0,0,0,0,0,0,0,0,0,0,0,0,0,1,0,0,0,0,0,0,0,0,0,0,0,0,0,0
81031,5103,2,ÖÎÁÆÊõ,0,0,0,2,1,15,0,100,0,100,0,0,20,0,0,0,0,0,0,0,0,0,0,0,0,0,0,0,0,0,0,0,0,0,1,0,0,0,0,0,0,0,0,0,0,0,0,0,0
81032,5103,2,ÖÎÁÆÊõ,0,0,0,2,2,20,0,150,0,100,0,0,20,0,0,0,0,0,0,0,0,0,0,0,0,0,0,0,0,0,0,0,0,0,1,0,0,0,0,0,0,0,0,0,0,0,0,0,0
81033,5103,2,ÖÎÁÆÊõ,0,0,0,2,3,25,0,200,0,100,0,0,20,0,0,0,0,0,0,0,0,0,0,0,0,0,0,0,0,0,0,0,0,0,1,0,0,0,0,0,0,0,0,0,0,0,0,0,0
99911,6000,1,¿ì¹¥(»ÃÊÞ),1,0,0,8,0,0,0,100,0,0,0,0,10,0,0,128,0,10,0,0,0,0,4,0,1,10,0,0,1,0,0,0,0,0,0,0,6000000,6000050,0,0,0,0,0,0,0,0,0,0,0
99912,6002,1,ÖØ»÷(»ÃÊÞ),1,0,0,8,0,0,0,30200,0,0,0,0,12,0,0,64,0,10,0,0,0,0,4,0,1,10,0,0,1,0,0,0,0,0,0,0,0,0,0,0,0,0,0,0,0,0,0,0,0
99943,6003,1,³å×²(»ÃÊÞ),1,0,0,8,0,0,0,0,0,0,0,0,12,0,0,64,0,10,0,0,0,0,4,0,1,10,0,0,1,0,0,0,0,0,0,0,6003000,6003050,0,0,0,0,0,0,0,0,0,0,0
99913,6006,1,Ä§·¨Á¬»÷(»ÃÊÞ),1,0,0,8,0,0,0,200,0,0,0,0,20,0,0,1024,0,10,0,0,0,0,4,0,1,10,0,0,0,0,0,0,0,0,0,0,0,0,0,0,0,0,0,0,0,0,0,0,0
99914,6007,5,·ÉÌì(»ÃÊÞ),1,0,0,8,0,0,0,100,0,0,0,8,20,0,0,1024,0,10,0,0,0,0,4,0,1,10,0,0,0,0,9200,0,0,0,0,0,0,0,0,0,0,0,0,0,0,0,0,0,0
99925,6008,34,Ä§À×,1,0,0,8,0,0,0,200,0,0,0,0,20,0,0,256,0,10,0,0,0,0,4,0,1,10,0,0,0,0,0,0,0,0,0,0,0,0,0,0,0,0,0,0,0,0,0,0,0
99915,6009,5,¿ñÀ×(»ÃÊÞ),1,0,0,8,0,0,0,70,0,0,0,0,20,0,0,256,0,10,0,0,0,0,4,0,1,10,0,0,0,0,0,0,0,0,0,0,0,0,0,0,0,0,0,0,0,0,0,0,0
99916,6014,6,ð¤Òº(»ÃÊÞ),1,0,0,8,0,0,0,30050,0,0,180,0,20,0,38,0,0,0,0,0,0,0,4,0,1,10,0,0,0,0,0,0,0,0,0,0,0,0,0,0,0,0,0,0,0,0,0,0,0
80000,8000,33,³åÉ±,1,0,0,0,0,0,0,30150,0,100,0,2,8,0,0,0,0,0,0,0,0,0,0,0,0,0,0,0,1,0,0,0,0,0,1,0,8000000,8000050,0,3,0,0,0,0,0,0,0,0,0
80001,8000,33,³åÉ±,1,0,0,0,1,0,0,30150,0,100,0,2,8,0,0,0,0,0,0,0,0,0,0,0,0,0,0,0,1,0,0,0,0,0,1,0,8000000,8000050,0,3,0,0,0,0,0,0,0,0,0
80002,8000,33,³åÉ±,1,0,0,0,2,0,0,30150,0,100,0,2,8,0,0,0,0,0,0,0,0,0,0,0,0,0,0,0,1,0,0,0,0,0,1,0,8000000,8000050,0,3,0,0,0,0,0,0,0,0,0
80003,8000,33,³åÉ±,1,0,0,0,3,0,0,30150,0,100,0,2,8,0,0,0,0,0,0,0,0,0,0,0,0,0,0,0,1,0,0,0,0,0,1,0,8000000,8000050,0,3,0,0,0,0,0,0,0,0,0
80010,8001,1,ÖØ»÷,1,0,0,8,0,0,0,30300,0,10,0,0,3,0,0,0,0,0,0,0,0,0,4,0,0,0,0,0,1,0,0,0,0,0,1,0,0,0,0,0,0,0,0,0,0,0,0,0,0
80011,8001,1,ÖØ»÷,1,0,0,8,1,0,0,30320,0,10,0,0,3,0,0,0,0,0,0,0,0,0,4,0,0,0,0,0,1,0,0,0,0,0,1,0,0,0,0,0,0,0,0,0,0,0,0,0,0
80012,8001,1,ÖØ»÷,1,0,0,8,2,0,0,30340,0,10,0,0,3,0,0,0,0,0,0,0,0,0,4,0,0,0,0,0,1,0,0,0,0,0,1,0,0,0,0,0,0,0,0,0,0,0,0,0,0
80013,8001,1,ÖØ»÷,1,0,0,8,3,0,0,30360,0,10,0,0,3,0,0,0,0,0,0,0,0,0,4,0,0,0,0,0,1,0,0,0,0,0,1,0,0,0,0,0,0,0,0,0,0,0,0,0,0
80020,8002,5,Ðý·çÕ¶,1,1,0,8,0,0,0,30070,0,10,0,4,20,0,0,0,0,0,0,0,0,0,4,0,0,0,0,0,1,0,0,0,0,0,1,0,0,0,0,0,0,0,0,0,0,0,0,0,0
80021,8002,5,Ðý·çÕ¶,1,1,0,8,1,0,0,30075,0,10,0,4,20,0,0,0,0,0,0,0,0,0,4,0,0,0,0,0,1,0,0,0,0,0,1,0,0,0,0,0,0,0,0,0,0,0,0,0,0
80022,8002,5,Ðý·çÕ¶,1,1,0,8,2,0,0,30080,0,10,0,4,20,0,0,0,0,0,0,0,0,0,4,0,0,0,0,0,1,0,0,0,0,0,1,0,0,0,0,0,0,0,0,0,0,0,0,0,0
80023,8002,5,Ðý·çÕ¶,1,1,0,8,3,0,0,30090,0,10,0,4,20,0,0,0,0,0,0,0,0,0,4,0,0,0,0,0,1,0,0,0,0,0,1,0,0,0,0,0,0,0,0,0,0,0,0,0,0
80030,8003,6,ÒýÓÕ,0,0,0,2,0,0,0,1,0,100,90,0,20,0,45,0,0,0,0,0,0,0,0,0,0,0,0,0,1,0,0,0,0,0,1,0,0,0,0,0,0,0,0,0,0,0,0,0,0
80031,8003,6,ÒýÓÕ,0,0,0,2,1,0,0,1,0,100,90,0,20,0,45,0,0,0,0,0,0,0,0,0,0,0,0,0,1,0,0,0,0,0,1,0,0,0,0,0,0,0,0,0,0,0,0,0,0
80032,8003,6,ÒýÓÕ,0,0,0,2,2,0,0,1,0,100,90,0,20,0,45,0,0,0,0,0,0,0,0,0,0,0,0,0,1,0,0,0,0,0,1,0,0,0,0,0,0,0,0,0,0,0,0,0,0
80033,8003,6,ÒýÓÕ,0,0,0,2,3,0,0,1,0,100,90,0,20,0,45,0,0,0,0,0,0,0,0,0,0,0,0,0,1,0,0,0,0,0,1,0,0,0,0,0,0,0,0,0,0,0,0,0,0
80043,8004,1,½£ÆøÕ¶,1,0,0,0,3,0,0,30200,0,100,0,0,10,0,0,0,0,0,0,1,0,0,0,0,0,0,0,0,1,0,0,0,0,0,1,0,0,0,0,3,0,0,0,0,0,0,0,0,0
80042,8004,1,½£ÆøÕ¶,1,0,0,0,2,0,0,30200,0,100,0,0,10,0,0,0,0,0,0,1,0,0,0,0,0,0,0,0,1,0,0,0,0,0,1,0,0,0,0,3,0,0,0,0,0,0,0,0,0
80041,8004,1,½£ÆøÕ¶,1,0,0,0,1,0,0,30200,0,100,0,0,10,0,0,0,0,0,0,1,0,0,0,0,0,0,0,0,1,0,0,0,0,0,1,0,0,0,0,3,0,0,0,0,0,0,0,0,0
80040,8004,1,½£ÆøÕ¶,1,0,0,0,0,0,0,30200,0,100,0,0,10,0,0,0,0,0,0,1,0,0,0,0,0,0,0,0,1,0,0,0,0,0,1,0,0,0,0,3,0,0,0,0,0,0,0,0,0
80051,8005,14,±¬Ñ×Õ¶,1,0,0,4,1,0,0,30080,0,100,0,11,15,0,0,0,0,0,0,0,0,0,0,0,0,0,0,0,1,0,0,0,0,0,1,0,0,0,0,3,0,0,0,0,0,0,0,0,0
80050,8005,14,±¬Ñ×Õ¶,1,0,0,4,0,0,0,30070,0,100,0,8,15,0,0,0,0,0,0,0,0,0,0,0,0,0,0,0,1,0,0,0,0,0,1,0,0,0,0,3,0,0,0,0,0,0,0,0,0
99949,8040,9,Ìø¿³,1,0,0,0,0,0,0,30200,0,100,0,10,20,0,0,0,0,0,0,0,0,0,0,0,0,0,0,0,1,0,0,0,0,0,1,0,0,0,0,0,0,0,0,0,0,0,0,0,0
81010,8101,1,µç»÷Êõ,1,0,0,0,0,4,0,170,0,100,0,0,20,0,0,0,0,0,0,0,0,0,0,0,0,0,0,0,0,0,0,0,0,0,1,0,0,0,0,4,0,0,0,0,0,0,0,0,0
81011,8101,1,µç»÷Êõ,1,0,0,0,1,4,0,210,0,100,0,0,20,0,0,0,0,0,0,0,0,0,0,0,0,0,0,0,0,0,0,0,0,0,1,0,0,0,0,4,0,0,0,0,0,0,0,0,0
81012,8101,1,µç»÷Êõ,1,0,0,0,2,4,0,30155,0,100,0,0,20,0,0,0,0,0,0,0,0,0,0,0,0,0,0,0,0,0,0,0,0,0,1,0,0,0,0,4,0,0,0,0,0,0,0,0,0
81013,8101,1,µç»÷Êõ,1,0,0,0,3,4,0,30210,0,100,0,0,20,0,0,0,0,0,0,0,0,0,0,0,0,0,0,0,0,0,0,0,0,0,1,0,0,0,0,4,0,0,0,0,0,0,0,0,0
81020,8102,1,±¬À×Êõ,1,0,0,0,0,0,0,280,0,100,0,0,14,0,0,0,0,0,0,0,0,0,0,0,0,0,0,0,0,0,0,0,0,0,1,0,0,0,0,3,0,0,0,0,0,0,0,0,0
81021,8102,1,±¬À×Êõ,1,0,0,0,1,0,0,330,0,100,0,0,14,0,0,0,0,0,0,0,0,0,0,0,0,0,0,0,0,0,0,0,0,0,1,0,0,0,0,3,0,0,0,0,0,0,0,0,0
81022,8102,1,±¬À×Êõ,1,0,0,0,2,0,0,30163,0,100,0,0,14,0,0,0,0,0,0,0,0,0,0,0,0,0,0,0,0,0,0,0,0,0,1,0,0,0,0,3,0,0,0,0,0,0,0,0,0
81023,8102,1,±¬À×Êõ,1,0,0,0,3,0,0,30250,0,100,0,0,14,0,0,0,0,0,0,0,0,0,0,0,0,0,0,0,0,0,0,0,0,0,1,0,0,0,0,3,0,0,0,0,0,0,0,0,0
81040,8104,6,Ä§·¨¶Ü,0,0,0,2,0,10,0,30150,0,100,120,0,20,0,24,0,0,0,0,0,0,0,0,0,0,0,0,0,0,0,0,0,0,0,1,0,0,0,0,0,0,0,0,0,0,0,0,0,0
81041,8104,6,Ä§·¨¶Ü,0,0,0,2,1,10,0,30140,0,100,110,0,20,0,24,0,0,0,0,0,0,0,0,0,0,0,0,0,0,0,0,0,0,0,1,0,0,0,0,0,0,0,0,0,0,0,0,0,0
81042,8104,6,Ä§·¨¶Ü,0,0,0,2,2,10,0,30130,0,100,100,0,20,0,24,0,0,0,0,0,0,0,0,0,0,0,0,0,0,0,0,0,0,0,1,0,0,0,0,0,0,0,0,0,0,0,0,0,0
81043,8104,6,Ä§·¨¶Ü,0,0,0,2,3,10,0,30120,0,100,90,0,20,0,24,0,0,0,0,0,0,0,0,0,0,0,0,0,0,0,0,0,0,0,1,0,0,0,0,0,0,0,0,0,0,0,0,0,0
81050,8105,31,ÊÕ»êÊõ,0,0,0,16,0,5,0,20,0,100,0,0,20,0,0,0,0,0,0,0,0,0,0,0,0,0,0,0,0,0,0,0,0,0,1,0,0,0,0,0,0,0,0,0,0,0,0,0,0
81051,8105,31,ÊÕ»êÊõ,0,0,0,16,1,10,0,40,0,100,0,0,20,0,0,0,0,0,0,0,0,0,0,0,0,0,0,0,0,0,0,0,0,0,1,0,0,0,0,0,0,0,0,0,0,0,0,0,0
81052,8105,31,ÊÕ»êÊõ,0,0,0,16,2,15,0,60,0,100,0,0,20,0,0,0,0,0,0,0,0,0,0,0,0,0,0,0,0,0,0,0,0,0,1,0,0,0,0,0,0,0,0,0,0,0,0,0,0
81053,8105,31,ÊÕ»êÊõ,0,0,0,16,3,20,0,80,0,100,0,0,20,0,0,0,0,0,0,0,0,0,0,0,0,0,0,0,0,0,0,0,0,0,1,0,0,0,0,0,0,0,0,0,0,0,0,0,0
81063,8106,5,Åùö¨»ð,1,0,0,0,3,0,0,31500,0,100,0,5,10,0,0,0,0,0,0,0,0,0,0,0,0,0,0,0,0,0,0,0,0,0,1,0,0,0,0,3,0,0,0,0,0,0,0,0,0
81062,8106,5,Åùö¨»ð,1,0,0,0,2,0,0,31500,0,100,0,5,10,0,0,0,0,0,0,0,0,0,0,0,0,0,0,0,0,0,0,0,0,0,1,0,0,0,0,3,0,0,0,0,0,0,0,0,0
81061,8106,5,Åùö¨»ð,1,0,0,0,1,0,0,31500,0,100,0,5,10,0,0,0,0,0,0,0,0,0,0,0,0,0,0,0,0,0,0,0,0,0,1,0,0,0,0,3,0,0,0,0,0,0,0,0,0
81060,8106,5,Åùö¨»ð,1,0,0,0,0,0,0,31500,0,100,0,5,10,0,0,0,0,0,0,0,0,0,0,0,0,0,0,0,0,0,0,0,0,0,1,0,0,0,0,3,0,0,0,0,0,0,0,0,0
99953,11000,1,Ò»Ãù¾ªÈË,1,0,0,0,0,4,0,30150,0,100,0,0,20,0,0,0,0,0,0,0,0,0,0,0,0,0,0,0,0,0,0,0,0,0,1,0,0,0,0,5,0,0,0,3000,3000,3000,3000,0,0
100000,12000,6,Ó¢ÓÂ´ò»÷,0,0,0,2,0,4,0,30200,0,100,30,0,10,0,61,0,0,0,0,0,0,0,0,0,0,0,0,0,1,0,0,0,0,0,1,0,0,0,0,3,0,0,0,0,0,0,0,0,0
100001,12000,6,Ó¢ÓÂ´ò»÷,0,0,0,2,1,4,0,30200,0,100,45,0,10,0,61,0,0,0,0,0,0,0,0,0,0,0,0,0,1,0,0,0,0,0,1,0,0,0,0,3,0,0,0,0,0,0,0,0,0
100002,12000,6,Ó¢ÓÂ´ò»÷,0,0,0,2,2,4,0,30200,0,100,60,0,10,0,61,0,0,0,0,0,0,0,0,0,0,0,0,0,1,0,0,0,0,0,1,0,0,0,0,3,0,0,0,0,0,0,0,0,0
100010,12001,6,·ßÅ­¼¼ÄÜ,0,0,0,2,0,4,0,30100,0,100,30,0,10,0,62,0,0,0,0,0,0,0,0,0,0,0,0,0,1,0,0,0,0,0,1,0,0,0,0,3,0,0,0,0,0,0,0,0,0
100011,12001,6,·ßÅ­¼¼ÄÜ,0,0,0,2,1,4,0,30100,0,100,45,0,10,0,62,0,0,0,0,0,0,0,0,0,0,0,0,0,1,0,0,0,0,0,1,0,0,0,0,3,0,0,0,0,0,0,0,0,0
100012,12001,6,·ßÅ­¼¼ÄÜ,0,0,0,2,2,4,0,30100,0,100,60,0,10,0,62,0,0,0,0,0,0,0,0,0,0,0,0,0,1,0,0,0,0,0,1,0,0,0,0,3,0,0,0,0,0,0,0,0,0
100020,12002,6,¸ñµ²,0,0,0,2,0,4,0,1,0,100,30,0,10,0,63,0,0,0,0,0,0,0,0,0,0,0,0,0,1,0,0,0,0,0,1,0,0,0,0,3,0,0,0,0,0,0,0,0,0
100021,12002,6,¸ñµ²,0,0,0,2,1,4,0,1,0,100,45,0,10,0,63,0,0,0,0,0,0,0,0,0,0,0,0,0,1,0,0,0,0,0,1,0,0,0,0,3,0,0,0,0,0,0,0,0,0
100022,12002,6,¸ñµ²,0,0,0,2,2,4,0,1,0,100,60,0,10,0,63,0,0,0,0,0,0,0,0,0,0,0,0,0,1,0,0,0,0,0,1,0,0,0,0,3,0,0,0,0,0,0,0,0,0
100030,12003,6,Å­ºð,0,0,0,2,0,4,0,1,0,100,30,0,10,0,64,0,0,0,0,0,0,0,0,0,0,0,0,0,1,0,0,0,0,0,1,0,0,0,0,3,0,0,0,0,0,0,0,0,0
100031,12003,6,Å­ºð,0,0,0,2,1,4,0,1,0,100,45,0,10,0,64,0,0,0,0,0,0,0,0,0,0,0,0,0,1,0,0,0,0,0,1,0,0,0,0,3,0,0,0,0,0,0,0,0,0
100032,12003,6,Å­ºð,0,0,0,2,2,4,0,1,0,100,60,0,10,0,64,0,0,0,0,0,0,0,0,0,0,0,0,0,1,0,0,0,0,0,1,0,0,0,0,3,0,0,0,0,0,0,0,0,0
100040,12004,6,³å×²,0,0,0,2,0,4,0,1,0,100,30,0,10,0,65,0,0,0,0,0,0,0,0,0,0,0,0,0,1,0,0,0,0,0,1,0,0,0,0,3,0,0,0,0,0,0,0,0,0
100041,12004,6,³å×²,0,0,0,2,1,4,0,1,0,100,45,0,10,0,65,0,0,0,0,0,0,0,0,0,0,0,0,0,1,0,0,0,0,0,1,0,0,0,0,3,0,0,0,0,0,0,0,0,0
100042,12004,6,³å×²,0,0,0,2,2,4,0,1,0,100,60,0,10,0,65,0,0,0,0,0,0,0,0,0,0,0,0,0,1,0,0,0,0,0,1,0,0,0,0,3,0,0,0,0,0,0,0,0,0
100050,12005,6,·ÀÓù,0,0,0,2,0,4,0,30100,0,100,30,0,10,0,66,0,0,0,0,0,0,0,0,0,0,0,0,0,1,0,0,0,0,0,1,0,0,0,0,3,0,0,0,0,0,0,0,0,0
100051,12005,6,·ÀÓù,0,0,0,2,1,4,0,30100,0,100,45,0,10,0,66,0,0,0,0,0,0,0,0,0,0,0,0,0,1,0,0,0,0,0,1,0,0,0,0,3,0,0,0,0,0,0,0,0,0
100052,12005,6,·ÀÓù,0,0,0,2,2,4,0,30100,0,100,60,0,10,0,66,0,0,0,0,0,0,0,0,0,0,0,0,0,1,0,0,0,0,0,1,0,0,0,0,3,0,0,0,0,0,0,0,0,0
100060,12006,6,ÖÂÉË,0,0,0,2,0,4,0,30080,0,100,30,0,10,0,67,0,0,0,0,0,0,0,0,0,0,0,0,0,1,0,0,0,0,0,1,0,0,0,0,3,0,0,0,0,0,0,0,0,0
100061,12006,6,ÖÂÉË,0,0,0,2,1,4,0,30080,0,100,45,0,10,0,67,0,0,0,0,0,0,0,0,0,0,0,0,0,1,0,0,0,0,0,1,0,0,0,0,3,0,0,0,0,0,0,0,0,0
100062,12006,6,ÖÂÉË,0,0,0,2,2,4,0,30080,0,100,60,0,10,0,67,0,0,0,0,0,0,0,0,0,0,0,0,0,1,0,0,0,0,0,1,0,0,0,0,3,0,0,0,0,0,0,0,0,0
100070,12007,6,ÉËº¦Æ½·Ö,0,0,0,2,0,4,0,1,0,100,30,0,10,0,68,0,0,0,0,0,0,0,0,0,0,0,0,0,1,0,0,0,0,0,1,0,0,0,0,3,0,0,0,0,0,0,0,0,0
100071,12007,6,ÉËº¦Æ½·Ö,0,0,0,2,1,4,0,1,0,100,45,0,10,0,68,0,0,0,0,0,0,0,0,0,0,0,0,0,1,0,0,0,0,0,1,0,0,0,0,3,0,0,0,0,0,0,0,0,0
100072,12007,6,ÉËº¦Æ½·Ö,0,0,0,2,2,4,0,1,0,100,60,0,10,0,68,0,0,0,0,0,0,0,0,0,0,0,0,0,1,0,0,0,0,0,1,0,0,0,0,3,0,0,0,0,0,0,0,0,0
42000,4200,6,¹â»Ô¹â»·,0,0,0,0,0,4,0,30200,0,100,30,0,10,0,129,0,0,0,0,1,0,0,0,0,0,0,0,0,0,0,0,0,0,0,1,0,0,0,0,0,0,0,0,0,0,0,0,0,0
42010,4201,63,Áé»ê¾»»¯,0,0,0,16,0,4,0,30150,0,100,0,0,10,0,0,0,0,0,0,1,0,0,0,0,0,0,0,0,0,0,0,0,0,0,1,0,0,0,0,0,0,0,0,0,0,0,0,0,0
42020,4202,21,ÓÕ²¶ÏÝÚå,0,1,0,4,0,4,0,42020,0,100,30,0,10,0,0,0,0,0,0,1,0,0,0,0,0,0,0,0,0,0,0,0,0,0,1,0,0,0,0,0,0,0,0,5,0,0,0,0,0
47020,4702,6,ÓÕ²¶,0,1,0,4,0,4,0,5,0,100,999999,0,1,0,130,0,0,0,0,0,0,0,0,0,0,0,0,0,0,0,0,0,0,0,1,0,0,0,0,0,0,0,0,0,0,0,0,0,0
//,,,,,,,,,,,,,,,,,,,,,,,,,,,,,,,,,,,,,,,,,,,,,,,,,,,,
30210,3021,5,À×öªÍò¾û,1,1,0,4,0,0,0,33000,0,100,0,9,14,0,0,0,0,0,0,1,0,0,0,0,0,0,0,0,0,0,0,0,0,0,1,0,0,0,0,7,0,0,0,0,0,0,0,0,1
30211,3021,5,À×öªÍò¾û,1,1,0,4,1,0,0,33300,0,100,0,10,14,0,0,0,0,0,0,1,0,0,0,0,0,0,0,0,0,0,0,0,0,0,1,0,0,0,0,7,0,0,0,0,0,0,0,0,1
30212,3021,5,À×öªÍò¾û,1,1,0,4,2,0,0,33600,0,100,0,11,14,0,0,0,0,0,0,1,0,0,0,0,0,0,0,0,0,0,0,0,0,0,1,0,0,0,0,7,0,0,0,0,0,0,0,0,1
30213,3021,5,À×öªÍò¾û,1,1,0,4,3,0,0,34000,0,100,0,12,14,0,0,0,0,0,0,1,0,0,0,0,0,0,0,0,0,0,0,0,0,0,1,0,0,0,0,7,0,0,0,0,0,0,0,0,1
80052,8005,14,±¬Ñ×Õ¶,1,0,0,4,2,0,0,30090,0,100,0,13,15,0,0,0,0,0,0,0,0,0,0,0,0,0,0,0,1,0,0,0,0,0,1,0,0,0,0,3,0,0,0,0,0,0,0,0,0
80053,8005,14,±¬Ñ×Õ¶,1,0,0,4,2,0,0,30090,0,100,0,13,15,0,0,0,0,0,0,0,0,0,0,0,0,0,0,0,1,0,0,0,0,0,1,0,0,0,0,3,0,0,0,0,0,0,0,0,0
10003,1000,1,·çÕ¶,1,0,0,8,3,0,0,30180,0,15,0,0,3,0,0,0,0,0,0,0,0,0,4,0,0,0,0,0,1,0,0,0,0,0,1,0,0,0,0,4,0,0,0,0,0,0,0,0,0
10004,1000,1,·çÕ¶,1,0,0,8,4,0,0,30200,0,15,0,0,3,0,0,0,0,0,0,0,0,0,4,0,0,0,0,0,1,0,0,0,0,0,1,0,0,0,0,4,0,0,0,0,0,0,0,0,0
10005,1000,1,·çÕ¶,1,0,0,8,5,0,0,30220,0,15,0,0,3,0,0,0,0,0,0,0,0,0,4,0,0,0,0,0,1,0,0,0,0,0,1,0,0,0,0,4,0,0,0,0,0,0,0,0,0
10043,1004,4,½£ÆøÕ¶,1,1,0,4,3,0,0,32000,0,100,0,13,14,0,0,0,0,0,0,1,0,0,0,0,0,0,0,0,1,0,0,0,0,60,1,0,0,0,0,3,0,0,0,0,0,0,0,0,0
10044,1004,4,½£ÆøÕ¶,1,1,0,4,4,0,0,32000,0,100,0,13,14,0,0,0,0,0,0,1,0,0,0,0,0,0,0,0,1,0,0,0,0,60,1,0,0,0,0,3,0,0,0,0,0,0,0,0,0
10045,1004,4,½£ÆøÕ¶,1,1,0,4,5,0,0,32000,0,100,0,13,14,0,0,0,0,0,0,1,0,0,0,0,0,0,0,0,1,0,0,0,0,60,1,0,0,0,0,3,0,0,0,0,0,0,0,0,0
10023,1002,5,Ðý·çÕ¶,1,1,0,4,3,0,0,30100,0,15,0,5,20,0,0,0,0,0,0,0,400,0,4,0,0,0,0,0,1,0,0,0,0,0,1,0,0,0,0,4,0,0,0,0,0,0,0,0,0
10024,1002,5,Ðý·çÕ¶,1,1,0,4,4,0,0,30110,0,15,0,5,20,0,0,0,0,0,0,0,400,0,4,0,0,0,0,0,1,0,0,0,0,0,1,0,0,0,0,4,0,0,0,0,0,0,0,0,0
10025,1002,5,Ðý·çÕ¶,1,1,0,4,5,0,0,30120,0,15,0,5,20,0,0,0,0,0,0,0,400,0,4,0,0,0,0,0,1,0,0,0,0,0,1,0,0,0,0,4,0,0,0,0,0,0,0,0,0
10063,1006,14,±¬Ñ×Õ¶,1,0,0,4,3,0,0,30100,0,100,0,13,15,0,0,0,0,0,0,0,400,0,0,0,0,0,0,6,1,0,0,0,0,0,1,0,0,0,0,4,0,0,0,0,0,0,0,0,0
10064,1006,14,±¬Ñ×Õ¶,1,0,0,4,4,0,0,30110,0,100,0,13,15,0,0,0,0,0,0,0,400,0,0,0,0,0,0,6,1,0,0,0,0,0,1,0,0,0,0,4,0,0,0,0,0,0,0,0,0
10065,1006,14,±¬Ñ×Õ¶,1,0,0,4,5,0,0,30120,0,100,0,13,15,0,0,0,0,0,0,0,400,0,0,0,0,0,0,6,1,0,0,0,0,0,1,0,0,0,0,4,0,0,0,0,0,0,0,0,0
30013,3001,1,Åùö¨µ¯,1,0,0,0,3,0,0,35500,0,100,0,0,14,0,0,0,0,0,0,1,0,0,0,0,0,0,0,0,0,0,0,0,0,0,1,0,0,0,0,4,0,0,0,0,0,0,0,0,0
30014,3001,1,Åùö¨µ¯,1,0,0,0,4,0,0,36000,0,100,0,0,14,0,0,0,0,0,0,1,0,0,0,0,0,0,0,0,0,0,0,0,0,0,1,0,0,0,0,4,0,0,0,0,0,0,0,0,0
30015,3001,1,Åùö¨µ¯,1,0,0,0,5,0,0,36500,0,100,0,0,14,0,0,0,0,0,0,1,0,0,0,0,0,0,0,0,0,0,0,0,0,0,1,0,0,0,0,4,0,0,0,0,0,0,0,0,0
30113,3011,1,±¬À×Êõ,1,0,0,0,3,70,0,30190,0,100,0,0,20,0,0,0,0,0,0,0,0,0,0,0,0,0,0,0,0,0,0,0,0,0,1,0,0,0,0,4,0,0,0,0,0,0,0,0,0
30114,3011,1,±¬À×Êõ,1,0,0,0,4,70,0,30210,0,100,0,0,20,0,0,0,0,0,0,0,0,0,0,0,0,0,0,0,0,0,0,0,0,0,1,0,0,0,0,4,0,0,0,0,0,0,0,0,0
30115,3011,1,±¬À×Êõ,1,0,0,0,5,70,0,30230,0,100,0,0,20,0,0,0,0,0,0,0,0,0,0,0,0,0,0,0,0,0,0,0,0,0,1,0,0,0,0,4,0,0,0,0,0,0,0,0,0
30063,3006,1,µç»÷Êõ,1,0,0,0,3,0,0,30180,0,100,0,13,20,0,0,0,0,0,0,0,0,0,0,0,0,0,0,0,0,0,0,0,0,110,1,0,0,0,0,3,0,0,0,0,0,0,0,0,0
30064,3006,1,µç»÷Êõ,1,0,0,0,4,0,0,30200,0,100,0,13,20,0,0,0,0,0,0,0,0,0,0,0,0,0,0,0,0,0,0,0,0,110,1,0,0,0,0,3,0,0,0,0,0,0,0,0,0
30065,3006,1,µç»÷Êõ,1,0,0,0,5,0,0,30220,0,100,0,13,20,0,0,0,0,0,0,0,0,0,0,0,0,0,0,0,0,0,0,0,0,110,1,0,0,0,0,3,0,0,0,0,0,0,0,0,0
30043,3004,4,Åùö¨»ð,1,1,0,4,3,0,0,35500,0,100,0,13,14,0,0,0,0,0,0,1,0,0,0,0,0,0,0,0,0,0,0,0,0,110,1,0,0,0,0,3,0,0,0,0,0,0,0,0,0
30044,3004,4,Åùö¨»ð,1,1,0,4,4,0,0,36000,0,100,0,13,14,0,0,0,0,0,0,1,0,0,0,0,0,0,0,0,0,0,0,0,0,110,1,0,0,0,0,3,0,0,0,0,0,0,0,0,0
30045,3004,4,Åùö¨»ð,1,1,0,4,5,0,0,36500,0,100,0,13,14,0,0,0,0,0,0,1,0,0,0,0,0,0,0,0,0,0,0,0,0,110,1,0,0,0,0,3,0,0,0,0,0,0,0,0,0
30160,3016,65,²¶·ç×½Ó°,1,0,0,0,0,75,0,30150,0,100,0,0,20,0,0,0,10,52,0,0,0,0,0,0,0,0,0,0,0,0,0,0,0,0,1,0,0,0,0,0,0,0,0,0,0,0,0,0,0
30161,3016,65,²¶·ç×½Ó°,1,0,0,0,1,150,0,30200,0,100,0,0,20,0,0,0,10,67,0,0,0,0,0,0,0,0,0,0,0,0,0,0,0,0,1,0,0,0,0,0,0,0,0,0,0,0,0,0,0
30162,3016,65,²¶·ç×½Ó°,1,0,0,0,2,250,0,30255,0,100,0,0,20,0,0,0,0,0,0,0,0,0,0,0,0,0,0,0,0,0,0,0,0,0,0,0,0,0,0,0,0,0,0,0,0,0,0,0,0
10310,1013,67,Ä§ÁúÖÆ²Ã,1,0,0,1,0,0,0,1,0,100,7200,0,6,0,0,0,0,0,0,0,0,0,0,0,0,0,0,0,0,0,0,0,1,0,1,0,0,0,0,0,0,0,0,0,0,0,0,0,0
//-----------------------------ÒÔÉÏ»ÃÊÞ¼¼ÄÜ-ÔÝÊ±ÎÞÓÃ-----------------------------------------------------------------------------,,,,,,,,,,,,,,,,,,,,,,,,,,,,,,,,,,,,,,,,,,,,,,,,,,,,
//Îèµ¸¼¼ÄÜ,,,,,,,,,,,,,,,,,,,,,,,,,,,,,,,,,,,,,,,,,,,,,,,,,,,,
10520,1052,101,¿ìÀÖÉ£°Í,1,0,0,0,0,75,0,30150,0,100,0,0,20,0,0,0,10,52,0,0,0,0,0,0,0,0,0,0,0,0,0,0,0,0,1,0,0,0,0,0,0,0,0,0,0,0,0,0,0
10521,1052,101,¿ìÀÖÉ£°Í,1,0,0,0,1,150,0,30200,0,100,0,0,20,0,0,0,10,67,0,0,0,0,0,0,0,0,0,0,0,0,0,0,0,0,1,0,0,0,0,0,0,0,0,0,0,0,0,0,0
10522,1052,101,¿ìÀÖÉ£°Í,1,0,0,0,2,250,0,30255,0,100,0,0,20,0,0,0,0,0,0,0,0,0,0,0,0,0,0,0,0,0,0,0,0,0,0,0,0,0,0,0,0,0,0,0,0,0,0,0,0
10530,1053,101,ÂüÎèÇáÁé,1,0,0,0,0,75,0,30150,0,100,0,0,20,0,0,0,10,52,0,0,0,0,0,0,0,0,0,0,0,0,0,0,0,0,1,0,0,0,0,0,0,0,0,0,0,0,0,0,0
10531,1053,101,ÂüÎèÇáÁé,1,0,0,0,1,150,0,30200,0,100,0,0,20,0,0,0,10,67,0,0,0,0,0,0,0,0,0,0,0,0,0,0,0,0,1,0,0,0,0,0,0,0,0,0,0,0,0,0,0
10532,1053,101,ÂüÎèÇáÁé,1,0,0,0,2,250,0,30255,0,100,0,0,20,0,0,0,0,0,0,0,0,0,0,0,0,0,0,0,0,0,0,0,0,0,0,0,0,0,0,0,0,0,0,0,0,0,0,0,0
10540,1054,101,¶¯¸ÐÒ¡°Ú,1,0,0,0,0,75,0,30150,0,100,0,0,20,0,0,0,10,52,0,0,0,0,0,0,0,0,0,0,0,0,0,0,0,0,1,0,0,0,0,0,0,0,0,0,0,0,0,0,0
10541,1054,101,¶¯¸ÐÒ¡°Ú,1,0,0,0,1,150,0,30200,0,100,0,0,20,0,0,0,10,67,0,0,0,0,0,0,0,0,0,0,0,0,0,0,0,0,1,0,0,0,0,0,0,0,0,0,0,0,0,0,0
10542,1054,101,¶¯¸ÐÒ¡°Ú,1,0,0,0,2,250,0,30255,0,100,0,0,20,0,0,0,0,0,0,0,0,0,0,0,0,0,0,0,0,0,0,0,0,0,0,0,0,0,0,0,0,0,0,0,0,0,0,0,0
10550,1055,102,»¤»¨ÇãÇé,1,0,0,0,0,75,0,30150,0,100,0,0,20,0,0,0,10,52,0,0,0,0,0,0,0,0,0,0,0,0,0,0,0,0,1,0,0,0,0,0,0,0,0,0,0,0,0,0,0
10551,1055,102,»¤»¨ÇãÇé,1,0,0,0,1,150,0,30200,0,100,0,0,20,0,0,0,10,67,0,0,0,0,0,0,0,0,0,0,0,0,0,0,0,0,1,0,0,0,0,0,0,0,0,0,0,0,0,0,0
10552,1055,102,»¤»¨ÇãÇé,1,0,0,0,2,250,0,30255,0,100,0,0,20,0,0,0,0,0,0,0,0,0,0,0,0,0,0,0,0,0,0,0,0,0,0,0,0,0,0,0,0,0,0,0,0,0,0,0,0
10560,1056,102,¶ÔÎèÈ¼Çé,1,0,0,0,0,75,0,30150,0,100,0,0,20,0,0,0,10,52,0,0,0,0,0,0,0,0,0,0,0,0,0,0,0,0,1,0,0,0,0,0,0,0,0,0,0,0,0,0,0
10561,1056,102,¶ÔÎèÈ¼Çé,1,0,0,0,1,150,0,30200,0,100,0,0,20,0,0,0,10,67,0,0,0,0,0,0,0,0,0,0,0,0,0,0,0,0,1,0,0,0,0,0,0,0,0,0,0,0,0,0,0
10562,1056,102,¶ÔÎèÈ¼Çé,1,0,0,0,2,250,0,30255,0,100,0,0,20,0,0,0,0,0,0,0,0,0,0,0,0,0,0,0,0,0,0,0,0,0,0,0,0,0,0,0,0,0,0,0,0,0,0,0,0
10570,1057,102,Ç¡Ç¡½ÚÅÄ,1,0,0,0,0,75,0,30150,0,100,0,0,20,0,0,0,10,52,0,0,0,0,0,0,0,0,0,0,0,0,0,0,0,0,1,0,0,0,0,0,0,0,0,0,0,0,0,0,0
10571,1057,102,Ç¡Ç¡½ÚÅÄ,1,0,0,0,1,150,0,30200,0,100,0,0,20,0,0,0,10,67,0,0,0,0,0,0,0,0,0,0,0,0,0,0,0,0,1,0,0,0,0,0,0,0,0,0,0,0,0,0,0
10572,1057,102,Ç¡Ç¡½ÚÅÄ,1,0,0,0,2,250,0,30255,0,100,0,0,20,0,0,0,0,0,0,0,0,0,0,0,0,0,0,0,0,0,0,0,0,0,0,0,0,0,0,0,0,0,0,0,0,0,0,0,0
10690,1057,102,ÃÎ»Ã»ª¶û,1,0,0,0,0,75,0,30150,0,100,0,0,20,0,0,0,10,52,0,0,0,0,0,0,0,0,0,0,0,0,0,0,0,0,1,0,0,0,0,0,0,0,0,0,0,0,0,0,0
10691,1069,102,ÃÎ»Ã»ª¶û,1,0,0,0,1,150,0,30200,0,100,0,0,20,0,0,0,10,67,0,0,0,0,0,0,0,0,0,0,0,0,0,0,0,0,1,0,0,0,0,0,0,0,0,0,0,0,0,0,0
10692,1069,102,ÃÎ»Ã»ª¶û,1,0,0,0,2,250,0,30255,0,100,0,0,20,0,0,0,0,0,0,0,0,0,0,0,0,0,0,0,0,0,0,0,0,0,0,0,0,0,0,0,0,0,0,0,0,0,0,0,0
//,,,,,,,,,,,,,,,,,,,,,,,,,,,,,,,,,,,,,,,,,,,,,,,,,,,,
//---,,,,,,,,,,,,,,,,,,,,,,,,,,,,,,,,,,,,,,,,,,,,,,,,,,,,
10130,1013,0,Ä§ÁúÖÆ²Ã,1,0,0,0,0,75,0,30150,0,100,0,0,20,0,0,0,10,52,0,0,0,0,0,0,0,0,0,0,0,0,0,0,0,0,1,0,0,0,0,0,0,0,0,0,0,0,0,0,0
10131,1013,0,Ä§ÁúÖÆ²Ã,1,0,0,0,1,150,0,30200,0,100,0,0,20,0,0,0,10,67,0,0,0,0,0,0,0,0,0,0,0,0,0,0,0,0,1,0,0,0,0,0,0,0,0,0,0,0,0,0,0
10132,1013,0,Ä§ÁúÖÆ²Ã,1,0,0,0,2,250,0,30255,0,100,0,0,20,0,0,0,0,0,0,0,0,0,0,0,0,0,0,0,0,0,0,0,0,0,0,0,0,0,0,0,0,0,0,0,0,0,0,0,0
18880,1888,0,½ûÑÔÊõ,1,0,0,0,0,75,0,30150,0,100,0,0,20,0,0,0,10,52,0,0,0,0,0,0,0,0,0,0,0,0,0,0,0,0,1,0,0,0,0,0,0,0,0,0,0,0,0,0,0
18881,1888,0,½ûÑÔÊõ,1,0,0,0,1,150,0,30200,0,100,0,0,20,0,0,0,10,67,0,0,0,0,0,0,0,0,0,0,0,0,0,0,0,0,1,0,0,0,0,0,0,0,0,0,0,0,0,0,0
18882,1888,0,½ûÑÔÊõ,1,0,0,0,2,250,0,30255,0,100,0,0,20,0,0,0,0,0,0,0,0,0,0,0,0,0,0,0,0,0,0,0,0,0,0,0,0,0,0,0,0,0,0,0,0,0,0,0,0
