//怪物id,怪物名称,ai类型,外观,等级,生命,魔法,最小攻击,最大攻击,防御,躲避,可视范围,攻击速度,移动速度,掉落道具组,幻兽类型[ 1.战士 2.法师 3.未知 4.法师+骑宠 5.战士+骑宠 6],死亡触发脚本ID
#id,name,ai,lookface,level,life,mana,attack_min,attack_max,defense,dodge,range,attack_speed,move_speed,drop_group,eudemon_type,die_scripte_id
101,卫兵,1,454,400,50000,0,50000,50000,50000,90,15,1000,1000,0,0,0
121,卡诺萨近卫军,1,454,400,50000,0,50000,50000,50000,90,15,1000,1000,0,0,0
110,卫兵,1,454,400,50000,0,50000,50000,50000,90,15,1000,1000,0,0,0
126,银色十字远征军,1,454,400,50000,0,50000,50000,50000,90,15,1000,1000,0,0,0
128,银色十字远征军,1,454,400,50000,0,50000,50000,50000,90,15,1000,1000,0,0,0
105,辛德・卫队长,1,454,400,50000,0,50000,50000,50000,90,15,1000,1000,0,0,0
127,卫队长,1,454,400,50000,0,50000,50000,50000,90,15,1000,1000,0,0,0
106,冥・统领,1,454,400,50000,0,50000,50000,50000,90,15,1000,1000,0,0,0
1000,鹿角兽,1,400,1,48,0,1,2,0,21,10,1000,1000,0,0,0
1010,巨杰士,1,452,5,636,0,44,49,0,21,10,1000,1000,0,0,0
1020,猎杀兽,1,434,7,984,0,61,67,0,23,10,1000,1000,0,0,0
1030,地精,1,407,9,1560,0,62,69,0,27,10,1000,1000,0,0,0
1040,龙怪,1,438,13,3280,0,97,107,0,32,10,1000,1000,0,0,0
2000,绿魔精,1,408,15,4240,0,157,174,0,33,10,1000,1000,0,0,0
2010,杰克灯笼,1,405,20,8768,0,204,225,0,38,10,1000,1000,0,0,0
2020,冰妖剑士,1,426,25,12192,0,278,307,0,42,10,1000,1000,0,0,0
2030,沼泽招魂使,1,420,27,12384,0,279,309,0,46,10,1000,1000,0,0,0
2040,提风,1,424,30,11880,0,315,348,0,57,10,1000,1000,0,0,0
3000,望齿魔人,1,428,35,14700,0,381,421,0,61,10,1000,1000,0,0,0
3010,巴洛骨,1,436,40,21338,0,414,458,0,63,10,1000,1000,0,0,0
3030,骑士亡魂,1,425,50,26110,0,550,608,0,72,10,1000,1000,0,0,0
3040,塔亚龙,1,441,52,28238,0,532,610,0,72,10,1000,1000,0,0,0
3020,角蜥,1,432,45,25538,0,512,566,0,67,10,1000,1000,0,0,0
7010,死神战将,1,430,55,29775,0,620,685,0,73,10,1000,1000,0,0,0
7020,招魂使,1,420,60,38052,0,671,742,0,83,10,1000,1000,0,0,0
7030,死亡骑士,1,429,65,38682,0,720,796,0,87,10,1000,1000,0,0,0
7040,黑翼法师,1,442,70,49931,0,794,877,0,94,10,1000,1000,0,0,0
4002,蜘蛛,1,412,50,26110,0,550,608,0,72,10,1000,1000,0,0,0
4010,雪山矮猿,1,422,75,55419,0,854,944,0,98,10,1000,1000,0,0,0
4020,冰原,1,416,80,59748,0,910,1006,0,108,10,1000,1000,0,0,0
4030,冰雪巨人,1,421,85,65535,0,1054,1165,0,112,10,1000,1000,0,0,0
4040,守卫者,1,443,90,65535,0,1092,1207,0,114,10,1000,1000,0,0,0
5010,鱼妖,1,418,70,49931,0,794,877,0,94,10,1000,1000,0,0,0
5020,恐兽,1,401,75,55419,0,854,944,0,98,10,1000,1000,0,0,0
5030,巨斧怪,1,419,80,59748,0,910,1006,0,108,10,1000,1000,0,0,0
6010,刺虫人,1,404,85,65535,0,1054,1165,0,112,10,1000,1000,0,0,0
6020,四牙怪,1,448,90,65535,0,1092,1207,0,114,10,1000,1000,0,0,0
6030,炎女,1,446,95,65535,0,1194,1320,0,118,10,1000,1000,0,0,0
6040,蝎怪,1,433,100,65535,0,1207,1334,0,125,10,1000,1000,0,0,0
5510,暗黑格拉斯,1,466,125,65535,0,1304,1434,0,130,10,1000,1000,0,0,0
5520,叹息骑士,1,529,130,65535,0,1322,1454,0,130,10,1000,1000,0,0,0
//,,,,,,,,,,,,,,,,
//--BOSS,,,,,,,,,,,,,,,,
2001,16级绿魔精,1,408,16,8480,0,189,209,0,33,10,1000,1000,2,0,0
2002,17级绿魔精,1,408,17,10600,0,220,244,0,33,10,1000,1000,2,0,0
2003,18级绿魔精,1,408,18,12720,0,252,278,0,33,10,1000,1000,2,0,0
2011,21级杰克灯笼,1,405,21,17536,0,189,209,0,33,10,1000,1000,2,0,0
2012,22级杰克灯笼,1,405,22,21920,0,220,244,0,33,10,1000,1000,2,0,0
2013,23级杰克灯笼,1,405,23,26304,0,252,278,0,33,10,1000,1000,2,0,0
2021,26级冰妖剑士,1,426,26,24384,0,333,368,0,33,10,1000,1000,2,0,0
2022,27级冰妖剑士,1,426,27,30480,0,389,430,0,33,10,1000,1000,2,0,0
2023,28级冰妖剑士,1,426,28,36576,0,444,491,0,33,10,1000,1000,2,0,0
2031,28级沼泽招魂使,1,420,28,24768,0,335,371,0,46,10,1000,1000,2,0,0
2032,29级沼泽招魂使,1,420,29,30960,0,391,432,0,46,10,1000,1000,2,0,0
2033,30级沼泽招魂使,1,420,30,37152,0,447,494,0,46,10,1000,1000,2,0,0
2041,31级提风,1,424,31,23760,0,378,417,0,57,10,1000,1000,2,0,0
2042,32级提风,1,424,32,29700,0,440,487,0,57,10,1000,1000,2,0,0
2043,33级提风,1,424,33,35640,0,503,556,0,57,10,1000,1000,2,0,0
3001,36级望齿魔人,1,428,36,29400,0,457,505,0,57,10,1000,1000,2,0,0
3002,37级望齿魔人,1,428,37,36750,0,533,589,0,61,10,1000,1000,2,0,0
3003,38级望齿魔人,1,428,38,44100,0,609,673,0,61,10,1000,1000,2,0,0
3011,41级巴洛骨,1,436,41,42675,0,497,549,0,63,10,1000,1000,2,0,0
3012,42级巴洛骨,1,436,42,53344,0,580,641,0,63,10,1000,1000,2,0,0
3013,43级巴洛骨,1,436,43,64013,0,663,732,0,63,10,1000,1000,2,0,0
3021,46级角蜥,1,432,46,51075,0,614,679,0,67,10,1000,1000,2,0,0
3022,47级角蜥,1,432,47,63844,0,717,792,0,67,10,1000,1000,2,0,0
3023,48级角蜥,1,432,48,65535,0,819,905,0,67,10,1000,1000,2,0,0
3031,51级骑士亡魂,1,425,51,52200,0,660,730,0,72,10,1000,1000,2,0,0
3032,52级骑士亡魂,1,425,52,65250,0,770,851,0,72,10,1000,1000,2,0,0
3033,53级骑士亡魂,1,425,53,65535,0,880,973,0,72,10,1000,1000,2,0,0
3041,53级塔亚龙,1,441,53,56475,0,663,732,0,72,10,1000,1000,2,0,0
3042,54级塔亚龙,1,441,54,65535,0,773,854,0,72,10,1000,1000,2,0,0
3043,55级塔亚龙,1,441,55,65535,0,883,976,0,72,10,1000,1000,2,0,0
7011,56级死神战将,1,430,56,59550,0,744,822,0,73,10,1000,1000,2,0,0
7012,57级死神战将,1,430,57,65535,0,868,959,0,73,10,1000,1000,2,0,0
7013,58级死神战将,1,430,58,65535,0,991,1096,0,73,10,1000,1000,2,0,0
7021,61级招魂使,1,420,61,65535,0,805,890,0,83,10,1000,1000,2,0,0
7022,62级招魂使,1,420,62,65535,0,940,1039,0,83,10,1000,1000,2,0,0
7023,63级招魂使,1,420,63,65535,0,1074,1187,0,83,10,1000,1000,2,0,0
7031,66级死亡骑士,1,429,66,65535,0,864,955,0,87,10,1000,1000,2,0,0
7032,67级死亡骑士,1,429,67,65535,0,1008,1115,0,87,10,1000,1000,2,0,0
7033,68级死亡骑士,1,429,68,65535,0,1152,1274,0,87,10,1000,1000,2,0,0
7041,71级黑翼法师,1,442,71,65535,0,952,1053,0,94,10,1000,1000,2,0,0
7042,72级黑翼法师,1,442,72,65535,0,1111,1228,0,94,10,1000,1000,2,0,0
7043,73级黑翼法师,1,442,73,65535,0,1270,1404,0,94,10,1000,1000,2,0,0
5011,71级鱼妖,1,418,71,65535,0,952,1053,0,94,10,1000,1000,2,0,0
5012,72级鱼妖,1,418,72,65535,0,1111,1228,0,94,10,1000,1000,2,0,0
5013,73级鱼妖,1,418,73,65535,0,1270,1404,0,94,10,1000,1000,2,0,0
5021,75级恐兽,1,401,75,65535,0,1025,1133,0,98,10,1000,1000,2,0,0
5022,76级恐兽,1,401,76,65535,0,1196,1322,0,98,10,1000,1000,2,0,0
5023,77级恐兽,1,401,77,65535,0,1366,1510,0,98,10,1000,1000,2,0,0
5031,81级巨斧怪,1,419,81,65535,0,1092,1092,0,108,10,1000,1000,2,0,0
5032,82级巨斧怪,1,419,82,65535,0,1274,1408,0,108,10,1000,1000,2,0,0
5033,83级巨斧怪,1,419,83,65535,0,1456,1609,0,108,10,1000,1000,2,0,0
4011,76级雪山矮猿,1,422,76,65535,0,1025,1133,0,98,10,1000,1000,2,0,0
4012,77级雪山矮猿,1,422,77,65535,0,1196,1322,0,98,10,1000,1000,2,0,0
4013,78级雪山矮猿,1,422,78,65535,0,1366,1510,0,98,10,1000,1000,2,0,0
4021,81级冰原,1,416,81,65535,0,1092,1207,0,108,10,1000,1000,2,0,0
4022,82级冰原,1,416,82,65535,0,1274,1274,0,108,10,1000,1000,2,0,0
4023,83级冰原,1,416,73,65535,0,1456,1609,0,108,10,1000,1000,2,0,0
4031,86级冰雪巨人,1,421,86,65535,0,1264,1397,0,112,10,1000,1000,2,0,0
4032,87级冰雪巨人,1,421,87,65535,0,1475,1630,0,112,10,1000,1000,2,0,0
4033,88级冰雪巨人,1,421,88,65535,0,1686,1863,0,112,10,1000,1000,2,0,0
4041,91级守卫者,1,443,91,65535,0,1310,1448,0,114,10,1000,1000,2,0,0
4042,92级守卫者,1,443,92,65535,0,1528,1689,0,114,10,1000,1000,2,0,0
4043,93级守卫者,1,443,93,65535,0,1747,1931,0,114,10,1000,1000,2,0,0
6011,86级刺虫人,1,404,86,65535,0,1264,1397,0,112,10,1000,1000,2,0,0
6012,87级刺虫人,1,404,87,65535,0,1475,1630,0,112,10,1000,1000,2,0,0
6013,88级刺虫人,1,404,88,65535,0,1686,1863,0,112,10,1000,1000,2,0,0
6021,91级四牙怪,1,448,91,65535,0,1310,1448,0,114,10,1000,1000,2,0,0
6022,92级四牙怪,1,448,92,65535,0,1528,1689,0,114,10,1000,1000,2,0,0
6023,93级四牙怪,1,448,93,65535,0,1747,1931,0,114,10,1000,1000,2,0,0
6031,96级炎女,1,446,96,65535,0,1433,1584,0,118,10,1000,1000,2,0,0
6032,97级炎女,1,446,97,65535,0,1672,1848,0,118,10,1000,1000,2,0,0
6033,98级炎女,1,446,98,65535,0,1911,2112,0,118,10,1000,1000,2,0,0
//--蜘蛛皇后,,,,,,,,,,,,,,,,
40001,蜘蛛皇后艾达,1,412,80,65535,0,910,1006,0,73,10,1000,1000,3,0,0
40002,蜘蛛,1,412,50,26100,0,550,608,0,73,10,1000,1000,3,0,0
40003,爆焱火龙康恩,1,445,38,17100,0,136,168,0,57,10,1000,1000,3,0,0
40004,呖风火龙兽,1,445,28,17100,0,112,135,0,42,10,1000,1000,3,0,0
//,巨锤双头魔,,,,,,,,,,,,,,,
//,幽冥傀儡,,,,,,,,,,,,,,,
5500,暗黑弥塞亚,1,467,120,65535,0,1272,1399,0,130,10,1000,1000,0,0,0
//,,,,,,,,,,,,,,,,
//幻兽,,,,,,,,,,,,,,,,
71200,法师魔攻型,1,200,100,0,0,0,0,0,0,6,1000,1000,0,2,0
71201,法师魔攻型,1,203,100,0,0,0,0,0,0,6,1000,1000,0,2,0
71202,法师魔攻型,1,204,100,0,0,0,0,0,0,6,1000,1000,0,2,0
71020,战士攻防型,1,120,100,0,0,0,0,0,0,2,1000,1000,0,1,0
71021,战士攻防型,1,121,100,0,0,0,0,0,0,2,1000,1000,0,1,0
71022,战士攻防型,1,122,100,0,0,0,0,0,0,2,1000,1000,0,1,0
71050,物防魔防型,1,150,100,0,0,0,0,0,0,2,1000,1000,0,1,0
71051,物防魔防型,1,151,100,0,0,0,0,0,0,2,1000,1000,0,1,0
71052,物防魔防型,1,152,100,0,0,0,0,0,0,2,1000,1000,0,1,0
71030,战士攻血型,1,130,100,0,0,0,0,0,0,2,1000,1000,0,1,0
71031,战士攻血型,1,131,100,0,0,0,0,0,0,2,1000,1000,0,1,0
71032,战士攻血型,1,132,100,0,0,0,0,0,0,2,1000,1000,0,1,0
71260,法师魔防物防型,1,260,100,0,0,0,0,0,0,6,1000,1000,0,2,0
71261,法师魔防物防型,1,261,100,0,0,0,0,0,0,6,1000,1000,0,2,0
71262,法师魔防物防型,1,262,100,0,0,0,0,0,0,6,1000,1000,0,2,0
71250,法师魔攻物防型,1,250,100,0,0,0,0,0,0,6,1000,1000,0,2,0
71251,法师魔攻物防型,1,251,100,0,0,0,0,0,0,6,1000,1000,0,2,0
71252,法师魔攻物防型,1,252,100,0,0,0,0,0,0,6,1000,1000,0,2,0
71240,法师魔防型,1,240,100,0,0,0,0,0,0,6,1000,1000,0,2,0
71241,法师魔防型,1,241,100,0,0,0,0,0,0,6,1000,1000,0,2,0
71242,法师魔防型,1,242,100,0,0,0,0,0,0,6,1000,1000,0,2,0
71230,无翼者吉丝,1,475,100,0,0,0,0,0,0,6,1000,1000,0,2,0
71231,无翼者吉丝,1,475,100,0,0,0,0,0,0,6,1000,1000,0,2,0
71232,无翼者吉丝,1,475,100,0,0,0,0,0,0,6,1000,1000,0,2,0
71220,法师攻防型,1,220,100,0,0,0,0,0,0,6,1000,1000,0,2,0
71221,法师攻防型,1,221,100,0,0,0,0,0,0,6,1000,1000,0,2,0
71222,法师攻防型,1,222,100,0,0,0,0,0,0,6,1000,1000,0,2,0
71010,战士物防型,1,110,100,0,0,0,0,0,0,2,1000,1000,0,1,0
71011,战士物防型,1,111,100,0,0,0,0,0,0,2,1000,1000,0,1,0
71012,战士物防型,1,112,100,0,0,0,0,0,0,2,1000,1000,0,1,0
71000,战士物攻型,1,100,100,0,0,0,0,0,0,2,1000,1000,0,1,0
71001,战士物攻型,1,101,100,0,0,0,0,0,0,2,1000,1000,0,1,0
71002,战士物攻型,1,102,100,0,0,0,0,0,0,2,1000,1000,0,1,0
71060,撼地者吉鲁,1,473,100,0,0,0,0,0,0,2,1000,1000,0,1,0
71061,撼地者吉鲁,1,473,100,0,0,0,0,0,0,2,1000,1000,0,1,0
71062,撼地者吉鲁,1,473,100,0,0,0,0,0,0,2,1000,1000,0,1,0
71700,守护者奥斯汀,1,286,100,0,0,0,0,0,0,2,1000,1000,0,1,0
71701,守护者奥斯汀,1,286,100,0,0,0,0,0,0,2,1000,1000,0,1,0
71702,守护者奥斯汀,1,286,100,0,0,0,0,0,0,2,1000,1000,0,1,0
71710,眺望者菲拉娜,1,287,100,0,0,0,0,0,0,6,1000,1000,0,2,0
71711,眺望者菲拉娜,1,287,100,0,0,0,0,0,0,6,1000,1000,0,2,0
71712,眺望者菲拉娜,1,287,100,0,0,0,0,0,0,6,1000,1000,0,2,0
71720,赐予者艾登,1,292,100,0,0,0,0,0,0,2,1000,1000,0,1,0
71721,赐予者艾登,1,292,100,0,0,0,0,0,0,2,1000,1000,0,1,0
71722,赐予者艾登,1,292,100,0,0,0,0,0,0,2,1000,1000,0,1,0
71730,庇佑者莉迪亚,1,293,100,0,0,0,0,0,0,6,1000,1000,0,2,0
71731,庇佑者莉迪亚,1,293,100,0,0,0,0,0,0,6,1000,1000,0,2,0
71732,庇佑者莉迪亚,1,293,100,0,0,0,0,0,0,6,1000,1000,0,2,0
71990,奇异兽O型,1,456,100,0,0,0,0,0,0,6,1000,1000,0,2,0
71991,奇异兽O型,1,456,100,0,0,0,0,0,0,6,1000,1000,0,2,0
71992,奇异兽O型,1,456,100,0,0,0,0,0,0,6,1000,1000,0,2,0
71980,奇异兽XO型,1,294,100,0,0,0,0,0,0,6,1000,1000,0,2,0
71981,奇异兽XO型,1,294,100,0,0,0,0,0,0,6,1000,1000,0,2,0
71982,奇异兽XO型,1,294,100,0,0,0,0,0,0,6,1000,1000,0,2,0
71960,神影兽XO型,1,349,100,0,0,0,0,0,0,6,1000,1000,0,2,0
71961,神影兽XO型,1,349,100,0,0,0,0,0,0,6,1000,1000,0,2,0
71962,神影兽XO型,1,349,100,0,0,0,0,0,0,6,1000,1000,0,2,0
71970,神影兽O型,1,363,100,0,0,0,0,0,0,6,1000,1000,0,2,0
71971,神影兽O型,1,363,100,0,0,0,0,0,0,6,1000,1000,0,2,0
71972,神影兽O型,1,363,100,0,0,0,0,0,0,6,1000,1000,0,2,0
71400,调皮鬼吉比,1,295,100,0,0,0,0,0,0,2,1000,1000,0,1,0
71401,调皮鬼吉比,1,295,100,0,0,0,0,0,0,2,1000,1000,0,1,0
71402,调皮鬼吉比,1,295,100,0,0,0,0,0,0,2,1000,1000,0,1,0
71410,开心果娜娜,1,296,100,0,0,0,0,0,0,2,1000,1000,0,1,0
71411,开心果娜娜,1,296,100,0,0,0,0,0,0,2,1000,1000,0,1,0
71412,开心果娜娜,1,296,100,0,0,0,0,0,0,2,1000,1000,0,1,0
71500,瞌睡虫皮皮,1,295,100,0,0,0,0,0,0,6,1000,1000,0,2,0
71501,瞌睡虫皮皮,1,295,100,0,0,0,0,0,0,6,1000,1000,0,2,0
71502,瞌睡虫皮皮,1,295,100,0,0,0,0,0,0,6,1000,1000,0,2,0
71510,小机灵佩佩,1,296,100,0,0,0,0,0,0,6,1000,1000,0,2,0
71511,小机灵佩佩,1,296,100,0,0,0,0,0,0,6,1000,1000,0,2,0
71512,小机灵佩佩,1,296,100,0,0,0,0,0,0,6,1000,1000,0,2,0
71070,奇迹之龙格罗,1,182,100,0,0,0,0,0,0,2,1000,1000,0,1,0
71071,奇迹之龙格罗,1,183,100,0,0,0,0,0,0,2,1000,1000,0,1,0
71072,奇迹之龙格罗,1,184,100,0,0,0,0,0,0,2,1000,1000,0,1,0
71090,圣天使奈丽,1,291,100,0,0,0,0,0,0,2,1000,1000,0,1,0
71091,圣天使奈丽,1,291,100,0,0,0,0,0,0,2,1000,1000,0,1,0
71092,圣天使奈丽,1,291,100,0,0,0,0,0,0,2,1000,1000,0,1,0
71080,圣天使雷斯,1,290,100,0,0,0,0,0,0,2,1000,1000,0,1,0
71081,圣天使雷斯,1,290,100,0,0,0,0,0,0,2,1000,1000,0,1,0
71082,圣天使雷斯,1,290,100,0,0,0,0,0,0,2,1000,1000,0,1,0
71800,雷霆追风兽,1,800,100,0,0,0,0,0,0,2,1000,1000,0,5,0
71801,雷霆追风兽,1,801,100,0,0,0,0,0,0,2,1000,1000,0,5,0
71802,雷霆追风兽,1,802,100,0,0,0,0,0,0,2,1000,1000,0,5,0
71810,烈焰奔腾兽,1,810,100,0,0,0,0,0,0,2,1000,1000,0,4,0
71811,烈焰奔腾兽,1,811,100,0,0,0,0,0,0,2,1000,1000,0,4,0
71812,烈焰奔腾兽,1,812,100,0,0,0,0,0,0,2,1000,1000,0,4,0
71420,吉祥噜噜,1,298,100,0,0,0,0,0,0,2,1000,1000,0,1,0
71421,吉祥噜噜,1,298,100,0,0,0,0,0,0,2,1000,1000,0,1,0
71422,吉祥噜噜,1,298,100,0,0,0,0,0,0,2,1000,1000,0,1,0
71520,如意嘟嘟,1,297,100,0,0,0,0,0,0,6,1000,1000,0,2,0
71521,如意嘟嘟,1,297,100,0,0,0,0,0,0,6,1000,1000,0,2,0
71522,如意嘟嘟,1,297,100,0,0,0,0,0,0,6,1000,1000,0,2,0
71430,狂战士康恩,1,162,100,0,0,0,0,0,0,2,1000,1000,0,1,0
71431,狂战士康恩,1,162,100,0,0,0,0,0,0,2,1000,1000,0,1,0
71432,狂战士康恩,1,162,100,0,0,0,0,0,0,2,1000,1000,0,1,0
71530,影法师莉丝,1,201,100,0,0,0,0,0,0,6,1000,1000,0,2,0
71531,影法师莉丝,1,201,100,0,0,0,0,0,0,6,1000,1000,0,2,0
71532,影法师莉丝,1,201,100,0,0,0,0,0,0,6,1000,1000,0,2,0
71820,雪羽御风兽,1,820,100,0,0,0,0,0,0,2,1000,1000,0,5,0
71821,雪羽御风兽,1,821,100,0,0,0,0,0,0,2,1000,1000,0,5,0
71822,雪羽御风兽,1,822,100,0,0,0,0,0,0,2,1000,1000,0,5,0
71830,火舞流炎兽,1,830,100,0,0,0,0,0,0,2,1000,1000,0,5,0
71831,火舞流炎兽,1,831,100,0,0,0,0,0,0,2,1000,1000,0,5,0
71832,火舞流炎兽,1,832,100,0,0,0,0,0,0,2,1000,1000,0,5,0
79450,旭日神使凯恩,1,288,100,0,0,0,0,0,0,2,1000,1000,0,1,0
79451,旭日神使凯恩,1,288,100,0,0,0,0,0,0,2,1000,1000,0,1,0
79452,旭日神使凯恩,1,288,100,0,0,0,0,0,0,2,1000,1000,0,1,0
71550,旭日神使凯特,1,316,100,0,0,0,0,0,0,6,1000,1000,0,2,0
71551,旭日神使凯特,1,316,100,0,0,0,0,0,0,6,1000,1000,0,2,0
71552,旭日神使凯特,1,316,100,0,0,0,0,0,0,6,1000,1000,0,2,0
71840,雷角洪荒兽,1,840,100,0,0,0,0,0,0,2,1000,1000,0,5,0
71841,雷角洪荒兽,1,841,100,0,0,0,0,0,0,2,1000,1000,0,5,0
71842,雷角洪荒兽,1,842,100,0,0,0,0,0,0,2,1000,1000,0,5,0
71850,雷角风牙兽,1,851,100,0,0,0,0,0,0,2,1000,1000,0,4,0
71851,雷角风牙兽,1,852,100,0,0,0,0,0,0,2,1000,1000,0,4,0
71852,雷角风牙兽,1,852,100,0,0,0,0,0,0,2,1000,1000,0,4,0
71460,玫瑰歌者雪瑞,1,289,100,0,0,0,0,0,0,2,1000,1000,0,1,0
71461,玫瑰歌者雪瑞,1,289,100,0,0,0,0,0,0,2,1000,1000,0,1,0
71462,玫瑰歌者雪瑞,1,289,100,0,0,0,0,0,0,2,1000,1000,0,1,0
71560,玫瑰歌者雪莱,1,317,100,0,0,0,0,0,0,6,1000,1000,0,2,0
71561,玫瑰歌者雪莱,1,317,100,0,0,0,0,0,0,6,1000,1000,0,2,0
71562,玫瑰歌者雪莱,1,317,100,0,0,0,0,0,0,6,1000,1000,0,2,0
71440,风暴魂索尔,1,300,100,0,0,0,0,0,0,2,1000,1000,0,1,0
71441,风暴魂索尔,1,300,100,0,0,0,0,0,0,2,1000,1000,0,1,0
71442,风暴魂索尔,1,300,100,0,0,0,0,0,0,2,1000,1000,0,1,0
71540,雷火魂派克,1,310,100,0,0,0,0,0,0,6,1000,1000,0,2,0
71541,雷火魂派克,1,311,100,0,0,0,0,0,0,6,1000,1000,0,2,0
71542,雷火魂派克,1,312,100,0,0,0,0,0,0,6,1000,1000,0,2,0
71860,奇迹之怒泰瑞,1,860,100,0,0,0,0,0,0,2,1000,1000,0,5,0
71861,奇迹之怒泰瑞,1,861,100,0,0,0,0,0,0,2,1000,1000,0,5,0
71862,奇迹之怒泰瑞,1,862,100,0,0,0,0,0,0,2,1000,1000,0,5,0
71470,骑士凯隆,1,318,100,0,0,0,0,0,0,2,1000,1000,0,1,0
71471,骑士凯隆,1,318,100,0,0,0,0,0,0,2,1000,1000,0,1,0
71472,骑士凯隆,1,318,100,0,0,0,0,0,0,2,1000,1000,0,1,0
71480,骑士朵朵,1,319,100,0,0,0,0,0,0,2,1000,1000,0,1,0
71481,骑士朵朵,1,319,100,0,0,0,0,0,0,2,1000,1000,0,1,0
71482,骑士朵朵,1,319,100,0,0,0,0,0,0,2,1000,1000,0,1,0
71570,骑士莎菲,1,320,100,0,0,0,0,0,0,6,1000,1000,0,2,0
71571,骑士莎菲,1,320,100,0,0,0,0,0,0,6,1000,1000,0,2,0
71572,骑士莎菲,1,320,100,0,0,0,0,0,0,6,1000,1000,0,2,0
71580,骑士飞飞,1,321,100,0,0,0,0,0,0,6,1000,1000,0,2,0
71581,骑士飞飞,1,321,100,0,0,0,0,0,0,6,1000,1000,0,2,0
71582,骑士飞飞,1,321,100,0,0,0,0,0,0,6,1000,1000,0,2,0
71870,吉祥圣诞鹿,1,870,100,0,0,0,0,0,0,2,1000,1000,0,5,0
71871,吉祥圣诞鹿,1,871,100,0,0,0,0,0,0,2,1000,1000,0,5,0
71872,吉祥圣诞鹿,1,872,100,0,0,0,0,0,0,2,1000,1000,0,5,0
71210,孤星蒂娜亚,1,233,100,0,0,0,0,0,0,6,1000,1000,0,2,0
71211,孤星蒂娜亚,1,234,100,0,0,0,0,0,0,6,1000,1000,0,2,0
71212,孤星蒂娜亚,1,235,100,0,0,0,0,0,0,6,1000,1000,0,2,0
71040,双星拉尼亚,1,230,100,0,0,0,0,0,0,2,1000,1000,0,1,0
71041,双星拉尼亚,1,231,100,0,0,0,0,0,0,2,1000,1000,0,1,0
71042,双星拉尼亚,1,232,100,0,0,0,0,0,0,2,1000,1000,0,1,0
73990,狮心战骑.菲力,1,1506,100,0,0,0,0,0,0,2,1000,1000,0,5,0
73991,狮心战骑.菲力,1,1506,100,0,0,0,0,0,0,2,1000,1000,0,5,0
73992,狮心战骑.菲力,1,1506,100,0,0,0,0,0,0,2,1000,1000,0,5,0
73970,咩咩羊诺瓦,1,2012,100,0,0,0,0,0,0,2,1000,1000,0,5,0
73971,咩咩羊诺瓦,1,2012,100,0,0,0,0,0,0,2,1000,1000,0,5,0
73972,咩咩羊诺瓦,1,2012,100,0,0,0,0,0,0,2,1000,1000,0,5,0
73980,羊咩咩妮莫,1,2013,100,0,0,0,0,0,0,2,1000,1000,0,4,0
73981,羊咩咩妮莫,1,2013,100,0,0,0,0,0,0,2,1000,1000,0,4,0
73982,羊咩咩妮莫,1,2013,100,0,0,0,0,0,0,2,1000,1000,0,4,0
72510,炫光黄金马索拉,1,1997,100,0,0,0,0,0,0,2,1000,1000,0,5,0
72511,炫光黄金马索拉,1,1997,100,0,0,0,0,0,0,2,1000,1000,0,5,0
72512,炫光黄金马索拉,1,1997,100,0,0,0,0,0,0,2,1000,1000,0,5,0
72520,星痕水晶马露娜,1,1998,100,0,0,0,0,0,0,2,1000,1000,0,4,0
72521,星痕水晶马露娜,1,1998,100,0,0,0,0,0,0,2,1000,1000,0,4,0
72522,星痕水晶马露娜,1,1998,100,0,0,0,0,0,0,2,1000,1000,0,4,0
72050,烈焰德拉贡,1,1970,100,0,0,0,0,0,0,2,1000,1000,0,5,0
72051,烈焰德拉贡,1,1971,100,0,0,0,0,0,0,2,1000,1000,0,5,0
72052,烈焰德拉贡,1,1972,100,0,0,0,0,0,0,2,1000,1000,0,5,0
72150,霜翼维沙吉,1,1980,100,0,0,0,0,0,0,2,1000,1000,0,4,0
72151,霜翼维沙吉,1,1981,100,0,0,0,0,0,0,2,1000,1000,0,4,0
72152,霜翼维沙吉,1,1982,100,0,0,0,0,0,0,2,1000,1000,0,4,0
71880,黑曜魔风兽,1,880,100,0,0,0,0,0,0,2,1000,1000,0,5,0
71881,黑曜魔风兽,1,881,100,0,0,0,0,0,0,2,1000,1000,0,5,0
71882,黑曜魔风兽,1,882,100,0,0,0,0,0,0,2,1000,1000,0,5,0
71890,赤焰圣歌兽,1,890,100,0,0,0,0,0,0,2,1000,1000,0,4,0
71891,赤焰圣歌兽,1,891,100,0,0,0,0,0,0,2,1000,1000,0,4,0
71892,赤焰圣歌兽,1,892,100,0,0,0,0,0,0,2,1000,1000,0,4,0
71790,独角寒冰兽,1,817,100,0,0,0,0,0,0,2,1000,1000,0,5,0
71791,独角寒冰兽,1,817,100,0,0,0,0,0,0,2,1000,1000,0,5,0
71792,独角寒冰兽,1,817,100,0,0,0,0,0,0,2,1000,1000,0,5,0
71780,独角鎏金兽,1,807,100,0,0,0,0,0,0,2,1000,1000,0,4,0
71781,独角鎏金兽,1,807,100,0,0,0,0,0,0,2,1000,1000,0,4,0
71782,独角鎏金兽,1,807,100,0,0,0,0,0,0,2,1000,1000,0,4,0
72870,烈须泰落格,1,1865,100,0,0,0,0,0,0,2,1000,1000,0,5,0
72871,烈须泰落格,1,1866,100,0,0,0,0,0,0,2,1000,1000,0,5,0
72872,烈须泰落格,1,1867,100,0,0,0,0,0,0,2,1000,1000,0,5,0
72880,雷爪泰瑞格,1,1875,100,0,0,0,0,0,0,2,1000,1000,0,4,0
72881,雷爪泰瑞格,1,1876,100,0,0,0,0,0,0,2,1000,1000,0,4,0
72882,雷爪泰瑞格,1,1877,100,0,0,0,0,0,0,2,1000,1000,0,4,0
72620,白羊星苍瞳,1,1885,100,0,0,0,0,0,0,2,1000,1000,0,5,0
72621,白羊星苍瞳,1,1886,100,0,0,0,0,0,0,2,1000,1000,0,5,0
72622,白羊星苍瞳,1,1887,100,0,0,0,0,0,0,2,1000,1000,0,5,0
72610,白羊星霜鬓,1,1895,100,0,0,0,0,0,0,2,1000,1000,0,4,0
72611,白羊星霜鬓,1,1896,100,0,0,0,0,0,0,2,1000,1000,0,4,0
72612,白羊星霜鬓,1,1897,100,0,0,0,0,0,0,2,1000,1000,0,4,0
72640,金牛星熔甲,1,1920,100,0,0,0,0,0,0,2,1000,1000,0,5,0
72641,金牛星熔甲,1,1921,100,0,0,0,0,0,0,2,1000,1000,0,5,0
72642,金牛星熔甲,1,1922,100,0,0,0,0,0,0,2,1000,1000,0,5,0
72630,金牛星冰魁,1,1930,100,0,0,0,0,0,0,2,1000,1000,0,4,0
72631,金牛星冰魁,1,1931,100,0,0,0,0,0,0,2,1000,1000,0,4,0
72632,金牛星冰魁,1,1932,100,0,0,0,0,0,0,2,1000,1000,0,4,0
71770,双子星青螭,1,825,100,0,0,0,0,0,0,2,1000,1000,0,5,0
71771,双子星青螭,1,826,100,0,0,0,0,0,0,2,1000,1000,0,5,0
71772,双子星青螭,1,827,100,0,0,0,0,0,0,2,1000,1000,0,5,0
71760,双子星紫冥,1,835,100,0,0,0,0,0,0,2,1000,1000,0,4,0
71761,双子星紫冥,1,836,100,0,0,0,0,0,0,2,1000,1000,0,4,0
71762,双子星紫冥,1,837,100,0,0,0,0,0,0,2,1000,1000,0,4,0
71910,巨蟹星银皇,1,1870,100,0,0,0,0,0,0,2,1000,1000,0,5,0
71911,巨蟹星银皇,1,1871,100,0,0,0,0,0,0,2,1000,1000,0,5,0
71912,巨蟹星银皇,1,1872,100,0,0,0,0,0,0,2,1000,1000,0,5,0
71900,巨蟹星炎皇,1,1860,100,0,0,0,0,0,0,2,1000,1000,0,4,0
71901,巨蟹星炎皇,1,1861,100,0,0,0,0,0,0,2,1000,1000,0,4,0
71902,巨蟹星炎皇,1,1862,100,0,0,0,0,0,0,2,1000,1000,0,4,0
71950,狮子星炎华,1,885,100,0,0,0,0,0,0,2,1000,1000,0,5,0
71951,狮子星炎华,1,886,100,0,0,0,0,0,0,2,1000,1000,0,5,0
71952,狮子星炎华,1,887,100,0,0,0,0,0,0,2,1000,1000,0,5,0
71940,狮子星冰芒,1,895,100,0,0,0,0,0,0,2,1000,1000,0,4,0
71941,狮子星冰芒,1,896,100,0,0,0,0,0,0,2,1000,1000,0,4,0
71942,狮子星冰芒,1,897,100,0,0,0,0,0,0,2,1000,1000,0,4,0
72710,处女星霜羚,1,1800,100,0,0,0,0,0,0,2,1000,1000,0,5,0
72711,处女星霜羚,1,1801,100,0,0,0,0,0,0,2,1000,1000,0,5,0
72712,处女星霜羚,1,1802,100,0,0,0,0,0,0,2,1000,1000,0,5,0
72720,处女星光羽,1,1810,100,0,0,0,0,0,0,2,1000,1000,0,4,0
72721,处女星光羽,1,1811,100,0,0,0,0,0,0,2,1000,1000,0,4,0
72722,处女星光羽,1,1812,100,0,0,0,0,0,0,2,1000,1000,0,4,0
72730,天秤星炎隼,1,1820,100,0,0,0,0,0,0,2,1000,1000,0,5,0
72731,天秤星炎隼,1,1821,100,0,0,0,0,0,0,2,1000,1000,0,5,0
72732,天秤星炎隼,1,1822,100,0,0,0,0,0,0,2,1000,1000,0,5,0
72740,天秤星雪雕,1,1830,100,0,0,0,0,0,0,2,1000,1000,0,4,0
72741,天秤星雪雕,1,1831,100,0,0,0,0,0,0,2,1000,1000,0,4,0
72742,天秤星雪雕,1,1832,100,0,0,0,0,0,0,2,1000,1000,0,4,0
72750,天蝎星曜金,1,1860,100,0,0,0,0,0,0,2,1000,1000,0,5,0
72751,天蝎星曜金,1,1861,100,0,0,0,0,0,0,2,1000,1000,0,5,0
72752,天蝎星曜金,1,1862,100,0,0,0,0,0,0,2,1000,1000,0,5,0
72760,天蝎星伽蓝,1,1870,100,0,0,0,0,0,0,2,1000,1000,0,4,0
72761,天蝎星伽蓝,1,1871,100,0,0,0,0,0,0,2,1000,1000,0,4,0
72762,天蝎星伽蓝,1,1872,100,0,0,0,0,0,0,2,1000,1000,0,4,0
72770,射手星绛尘,1,1880,100,0,0,0,0,0,0,2,1000,1000,0,5,0
72771,射手星绛尘,1,1881,100,0,0,0,0,0,0,2,1000,1000,0,5,0
72772,射手星绛尘,1,1882,100,0,0,0,0,0,0,2,1000,1000,0,5,0
72780,射手星紫骏,1,1890,100,0,0,0,0,0,0,2,1000,1000,0,4,0
72781,射手星紫骏,1,1891,100,0,0,0,0,0,0,2,1000,1000,0,4,0
72782,射手星紫骏,1,1892,100,0,0,0,0,0,0,2,1000,1000,0,4,0
72790,摩羯星凤翎,1,1805,100,0,0,0,0,0,0,2,1000,1000,0,5,0
72791,摩羯星凤翎,1,1806,100,0,0,0,0,0,0,2,1000,1000,0,5,0
72792,摩羯星凤翎,1,1807,100,0,0,0,0,0,0,2,1000,1000,0,5,0
72800,摩羯星青凌,1,1815,100,0,0,0,0,0,0,2,1000,1000,0,4,0
72801,摩羯星青凌,1,1816,100,0,0,0,0,0,0,2,1000,1000,0,4,0
72802,摩羯星青凌,1,1817,100,0,0,0,0,0,0,2,1000,1000,0,4,0
72830,水瓶星海珊,1,1825,100,0,0,0,0,0,0,2,1000,1000,0,5,0
72831,水瓶星海珊,1,1826,100,0,0,0,0,0,0,2,1000,1000,0,5,0
72832,水瓶星海珊,1,1827,100,0,0,0,0,0,0,2,1000,1000,0,5,0
72840,水瓶星银河,1,1835,100,0,0,0,0,0,0,2,1000,1000,0,4,0
72841,水瓶星银河,1,1836,100,0,0,0,0,0,0,2,1000,1000,0,4,0
72842,水瓶星银河,1,1837,100,0,0,0,0,0,0,2,1000,1000,0,4,0
72850,双鱼星幻霓,1,1845,100,0,0,0,0,0,0,2,1000,1000,0,5,0
72851,双鱼星幻霓,1,1846,100,0,0,0,0,0,0,2,1000,1000,0,5,0
72852,双鱼星幻霓,1,1847,100,0,0,0,0,0,0,2,1000,1000,0,5,0
72860,双鱼星妖虹,1,1855,100,0,0,0,0,0,0,2,1000,1000,0,4,0
72861,双鱼星妖虹,1,1856,100,0,0,0,0,0,0,2,1000,1000,0,4,0
72862,双鱼星妖虹,1,1857,100,0,0,0,0,0,0,2,1000,1000,0,4,0
71920,血翼芬里尔,1,865,100,0,0,0,0,0,0,2,1000,1000,0,5,0
71921,血翼芬里尔,1,866,100,0,0,0,0,0,0,2,1000,1000,0,5,0
71922,血翼芬里尔,1,867,100,0,0,0,0,0,0,2,1000,1000,0,5,0
71930,冰翼尤弥尔,1,875,100,0,0,0,0,0,0,2,1000,1000,0,4,0
71931,冰翼尤弥尔,1,876,100,0,0,0,0,0,0,2,1000,1000,0,4,0
71932,冰翼尤弥尔,1,877,100,0,0,0,0,0,0,2,1000,1000,0,4,0
72900,炽翼古拉斯,1,1900,100,0,0,0,0,0,0,2,1000,1000,0,5,0
72901,炽翼古拉斯,1,1901,100,0,0,0,0,0,0,2,1000,1000,0,5,0
72902,炽翼古拉斯,1,1902,100,0,0,0,0,0,0,2,1000,1000,0,5,0
72910,雷翼辛迪斯,1,1910,100,0,0,0,0,0,0,2,1000,1000,0,4,0
72911,雷翼辛迪斯,1,1911,100,0,0,0,0,0,0,2,1000,1000,0,4,0
72912,雷翼辛迪斯,1,1912,100,0,0,0,0,0,0,2,1000,1000,0,4,0
72250,小青,1,1239,100,0,0,0,0,0,0,2,1000,1000,0,1,0
72251,小青,1,1239,100,0,0,0,0,0,0,2,1000,1000,0,1,0
72252,小青,1,1239,100,0,0,0,0,0,0,2,1000,1000,0,1,0
72070,相思鸟金雅,1,1168,100,0,0,0,0,0,0,2,1000,1000,0,1,0
72071,相思鸟金雅,1,1168,100,0,0,0,0,0,0,2,1000,1000,0,1,0
72072,相思鸟金雅,1,1168,100,0,0,0,0,0,0,2,1000,1000,0,1,0
72060,东方炫金龙,1,1161,100,0,0,0,0,0,0,2,1000,1000,0,1,0
72061,东方炫金龙,1,1161,100,0,0,0,0,0,0,2,1000,1000,0,1,0
72062,东方炫金龙,1,1161,100,0,0,0,0,0,0,2,1000,1000,0,1,0
72020,闪电兔威威,1,1119,100,0,0,0,0,0,0,2,1000,1000,0,1,0
72021,闪电兔威威,1,1119,100,0,0,0,0,0,0,2,1000,1000,0,1,0
72022,闪电兔威威,1,1119,100,0,0,0,0,0,0,2,1000,1000,0,1,0
72030,月光兔露露,1,1121,100,0,0,0,0,0,0,2,1000,1000,0,1,0
72031,月光兔露露,1,1121,100,0,0,0,0,0,0,2,1000,1000,0,1,0
72032,月光兔露露,1,1121,100,0,0,0,0,0,0,2,1000,1000,0,1,0
71120,白羊星穆巴,1,368,100,0,0,0,0,0,0,2,1000,1000,0,1,0
71121,白羊星穆巴,1,368,100,0,0,0,0,0,0,2,1000,1000,0,1,0
71122,白羊星穆巴,1,368,100,0,0,0,0,0,0,2,1000,1000,0,1,0
71130,金牛星鲁迪,1,370,100,0,0,0,0,0,0,2,1000,1000,0,1,0
71131,金牛星鲁迪,1,370,100,0,0,0,0,0,0,2,1000,1000,0,1,0
71132,金牛星鲁迪,1,370,100,0,0,0,0,0,0,2,1000,1000,0,1,0
71140,双子星撒加,1,372,100,0,0,0,0,0,0,2,1000,1000,0,1,0
71141,双子星撒加,1,372,100,0,0,0,0,0,0,2,1000,1000,0,1,0
71142,双子星撒加,1,372,100,0,0,0,0,0,0,2,1000,1000,0,1,0
71150,巨蟹星凯瑟,1,374,100,0,0,0,0,0,0,2,1000,1000,0,1,0
71151,巨蟹星凯瑟,1,374,100,0,0,0,0,0,0,2,1000,1000,0,1,0
71152,巨蟹星凯瑟,1,374,100,0,0,0,0,0,0,2,1000,1000,0,1,0
71160,狮子星里奥,1,376,100,0,0,0,0,0,0,2,1000,1000,0,1,0
71161,狮子星里奥,1,376,100,0,0,0,0,0,0,2,1000,1000,0,1,0
71162,狮子星里奥,1,376,100,0,0,0,0,0,0,2,1000,1000,0,1,0
71170,处女星琳娜,1,1100,100,0,0,0,0,0,0,2,1000,1000,0,1,0
71171,处女星琳娜,1,1100,100,0,0,0,0,0,0,2,1000,1000,0,1,0
71172,处女星琳娜,1,1100,100,0,0,0,0,0,0,2,1000,1000,0,1,0
71180,天秤星迪隆,1,1102,100,0,0,0,0,0,0,2,1000,1000,0,1,0
71181,天秤星迪隆,1,1102,100,0,0,0,0,0,0,2,1000,1000,0,1,0
71182,天秤星迪隆,1,1102,100,0,0,0,0,0,0,2,1000,1000,0,1,0
71190,天蝎星米罗,1,1105,100,0,0,0,0,0,0,2,1000,1000,0,1,0
71191,天蝎星米罗,1,1105,100,0,0,0,0,0,0,2,1000,1000,0,1,0
71192,天蝎星米罗,1,1105,100,0,0,0,0,0,0,2,1000,1000,0,1,0
71310,射手星布克,1,1107,100,0,0,0,0,0,0,2,1000,1000,0,1,0
71311,射手星布克,1,1107,100,0,0,0,0,0,0,2,1000,1000,0,1,0
71312,射手星布克,1,1107,100,0,0,0,0,0,0,2,1000,1000,0,1,0
71320,摩羯星迪娜,1,1109,100,0,0,0,0,0,0,2,1000,1000,0,1,0
71321,摩羯星迪娜,1,1109,100,0,0,0,0,0,0,2,1000,1000,0,1,0
71322,摩羯星迪娜,1,1109,100,0,0,0,0,0,0,2,1000,1000,0,1,0
71330,水瓶星奈洛,1,1115,100,0,0,0,0,0,0,2,1000,1000,0,1,0
71331,水瓶星奈洛,1,1115,100,0,0,0,0,0,0,2,1000,1000,0,1,0
71332,水瓶星奈洛,1,1115,100,0,0,0,0,0,0,2,1000,1000,0,1,0
71340,双鱼星卡密,1,1117,100,0,0,0,0,0,0,2,1000,1000,0,1,0
71341,双鱼星卡密,1,1117,100,0,0,0,0,0,0,2,1000,1000,0,1,0
71342,双鱼星卡密,1,1117,100,0,0,0,0,0,0,2,1000,1000,0,1,0
71100,狄克牛丁丁,1,364,100,0,0,0,0,0,0,2,1000,1000,0,1,0
71101,狄克牛丁丁,1,364,100,0,0,0,0,0,0,2,1000,1000,0,1,0
71102,狄克牛丁丁,1,364,100,0,0,0,0,0,0,2,1000,1000,0,1,0
71110,蝴蝶牛琪琪,1,365,100,0,0,0,0,0,0,2,1000,1000,0,1,0
71111,蝴蝶牛琪琪,1,365,100,0,0,0,0,0,0,2,1000,1000,0,1,0
71112,蝴蝶牛琪琪,1,365,100,0,0,0,0,0,0,2,1000,1000,0,1,0
71490,鼠来福丁丁,1,325,100,0,0,0,0,0,0,2,1000,1000,0,1,0
71491,鼠来福丁丁,1,325,100,0,0,0,0,0,0,2,1000,1000,0,1,0
71492,鼠来福丁丁,1,325,100,0,0,0,0,0,0,2,1000,1000,0,1,0
71740,鼠来喜佳佳,1,326,100,0,0,0,0,0,0,2,1000,1000,0,1,0
71741,鼠来喜佳佳,1,326,100,0,0,0,0,0,0,2,1000,1000,0,1,0
71742,鼠来喜佳佳,1,326,100,0,0,0,0,0,0,2,1000,1000,0,1,0
72000,霹雳虎咬咬,1,1111,100,0,0,0,0,0,0,2,1000,1000,0,1,0
72001,霹雳虎咬咬,1,1111,100,0,0,0,0,0,0,2,1000,1000,0,1,0
72002,霹雳虎咬咬,1,1111,100,0,0,0,0,0,0,2,1000,1000,0,1,0
72100,玲珑虎真真,1,1113,100,0,0,0,0,0,0,2,1000,1000,0,1,0
72101,玲珑虎真真,1,1113,100,0,0,0,0,0,0,2,1000,1000,0,1,0
72102,玲珑虎真真,1,1113,100,0,0,0,0,0,0,2,1000,1000,0,1,0
71300,异界精灵,1,322,100,0,0,0,0,0,0,2,1000,1000,0,2,0
71301,异界精灵,1,322,100,0,0,0,0,0,0,2,1000,1000,0,2,0
71302,异界精灵,1,322,100,0,0,0,0,0,0,2,1000,1000,0,2,0
72990,雪灵兽O型,1,1104,100,0,0,0,0,0,0,2,1000,1000,0,2,0
72991,雪灵兽O型,1,1104,100,0,0,0,0,0,0,2,1000,1000,0,2,0
72992,雪灵兽O型,1,1104,100,0,0,0,0,0,0,2,1000,1000,0,2,0
72260,小白,1,1240,100,0,0,0,0,0,0,2,1000,1000,0,2,0
72261,小白,1,1240,100,0,0,0,0,0,0,2,1000,1000,0,2,0
72262,小白,1,1240,100,0,0,0,0,0,0,2,1000,1000,0,2,0
72170,灵犀鸟卡蓝,1,1169,100,0,0,0,0,0,0,2,1000,1000,0,2,0
72171,灵犀鸟卡蓝,1,1169,100,0,0,0,0,0,0,2,1000,1000,0,2,0
72172,灵犀鸟卡蓝,1,1169,100,0,0,0,0,0,0,2,1000,1000,0,2,0
72160,东方耀银龙,1,1162,100,0,0,0,0,0,0,2,1000,1000,0,2,0
72161,东方耀银龙,1,1162,100,0,0,0,0,0,0,2,1000,1000,0,2,0
72162,东方耀银龙,1,1162,100,0,0,0,0,0,0,2,1000,1000,0,2,0
72120,爵士兔凯凯,1,1120,100,0,0,0,0,0,0,2,1000,1000,0,2,0
72121,爵士兔凯凯,1,1120,100,0,0,0,0,0,0,2,1000,1000,0,2,0
72122,爵士兔凯凯,1,1120,100,0,0,0,0,0,0,2,1000,1000,0,2,0
72130,萝莉兔妮妮,1,1122,100,0,0,0,0,0,0,2,1000,1000,0,2,0
72131,萝莉兔妮妮,1,1122,100,0,0,0,0,0,0,2,1000,1000,0,2,0
72132,萝莉兔妮妮,1,1122,100,0,0,0,0,0,0,2,1000,1000,0,2,0
71620,白羊星卡迪,1,369,100,0,0,0,0,0,0,2,1000,1000,0,2,0
71621,白羊星卡迪,1,369,100,0,0,0,0,0,0,2,1000,1000,0,2,0
71622,白羊星卡迪,1,369,100,0,0,0,0,0,0,2,1000,1000,0,2,0
71630,金牛星亚尔,1,371,100,0,0,0,0,0,0,2,1000,1000,0,2,0
71631,金牛星亚尔,1,371,100,0,0,0,0,0,0,2,1000,1000,0,2,0
71632,金牛星亚尔,1,371,100,0,0,0,0,0,0,2,1000,1000,0,2,0
71640,双子星加隆,1,373,100,0,0,0,0,0,0,2,1000,1000,0,2,0
71641,双子星加隆,1,373,100,0,0,0,0,0,0,2,1000,1000,0,2,0
71642,双子星加隆,1,373,100,0,0,0,0,0,0,2,1000,1000,0,2,0
71650,巨蟹星莱娜,1,375,100,0,0,0,0,0,0,2,1000,1000,0,2,0
71651,巨蟹星莱娜,1,375,100,0,0,0,0,0,0,2,1000,1000,0,2,0
71652,巨蟹星莱娜,1,375,100,0,0,0,0,0,0,2,1000,1000,0,2,0
71660,狮子星里昂,1,377,100,0,0,0,0,0,0,2,1000,1000,0,2,0
71661,狮子星里昂,1,377,100,0,0,0,0,0,0,2,1000,1000,0,2,0
71662,狮子星里昂,1,377,100,0,0,0,0,0,0,2,1000,1000,0,2,0
71670,处女星瑟琪,1,1101,100,0,0,0,0,0,0,2,1000,1000,0,2,0
71671,处女星瑟琪,1,1101,100,0,0,0,0,0,0,2,1000,1000,0,2,0
71672,处女星瑟琪,1,1101,100,0,0,0,0,0,0,2,1000,1000,0,2,0
71680,天秤星迪罗,1,1103,100,0,0,0,0,0,0,2,1000,1000,0,2,0
71681,天秤星迪罗,1,1103,100,0,0,0,0,0,0,2,1000,1000,0,2,0
71682,天秤星迪罗,1,1103,100,0,0,0,0,0,0,2,1000,1000,0,2,0
71690,天蝎星迦斯,1,1106,100,0,0,0,0,0,0,2,1000,1000,0,2,0
71691,天蝎星迦斯,1,1106,100,0,0,0,0,0,0,2,1000,1000,0,2,0
71692,天蝎星迦斯,1,1106,100,0,0,0,0,0,0,2,1000,1000,0,2,0
72310,射手星布奇,1,1108,100,0,0,0,0,0,0,2,1000,1000,0,2,0
72311,射手星布奇,1,1108,100,0,0,0,0,0,0,2,1000,1000,0,2,0
72312,射手星布奇,1,1108,100,0,0,0,0,0,0,2,1000,1000,0,2,0
72320,摩羯星迪拉,1,1110,100,0,0,0,0,0,0,2,1000,1000,0,2,0
72321,摩羯星迪拉,1,1110,100,0,0,0,0,0,0,2,1000,1000,0,2,0
72322,摩羯星迪拉,1,1110,100,0,0,0,0,0,0,2,1000,1000,0,2,0
72330,水瓶星拉琪,1,1116,100,0,0,0,0,0,0,2,1000,1000,0,2,0
72331,水瓶星拉琪,1,1116,100,0,0,0,0,0,0,2,1000,1000,0,2,0
72332,水瓶星拉琪,1,1116,100,0,0,0,0,0,0,2,1000,1000,0,2,0
72340,双鱼星卡塔,1,1118,100,0,0,0,0,0,0,2,1000,1000,0,2,0
72341,双鱼星卡塔,1,1118,100,0,0,0,0,0,0,2,1000,1000,0,2,0
72342,双鱼星卡塔,1,1118,100,0,0,0,0,0,0,2,1000,1000,0,2,0
71600,嘻哈牛皮皮,1,366,100,0,0,0,0,0,0,2,1000,1000,0,2,0
71601,嘻哈牛皮皮,1,366,100,0,0,0,0,0,0,2,1000,1000,0,2,0
71602,嘻哈牛皮皮,1,366,100,0,0,0,0,0,0,2,1000,1000,0,2,0
71610,炫舞牛晶晶,1,367,100,0,0,0,0,0,0,2,1000,1000,0,2,0
71611,炫舞牛晶晶,1,367,100,0,0,0,0,0,0,2,1000,1000,0,2,0
71612,炫舞牛晶晶,1,367,100,0,0,0,0,0,0,2,1000,1000,0,2,0
71590,鼠来云奇奇,1,325,100,0,0,0,0,0,0,2,1000,1000,0,2,0
71591,鼠来云奇奇,1,325,100,0,0,0,0,0,0,2,1000,1000,0,2,0
71592,鼠来云奇奇,1,325,100,0,0,0,0,0,0,2,1000,1000,0,2,0
71750,鼠来宝蓓蓓,1,326,100,0,0,0,0,0,0,2,1000,1000,0,2,0
71751,鼠来宝蓓蓓,1,326,100,0,0,0,0,0,0,2,1000,1000,0,2,0
71752,鼠来宝蓓蓓,1,326,100,0,0,0,0,0,0,2,1000,1000,0,2,0
72010,发条虎达达,1,1112,100,0,0,0,0,0,0,2,1000,1000,0,2,0
72011,发条虎达达,1,1112,100,0,0,0,0,0,0,2,1000,1000,0,2,0
72012,发条虎达达,1,1112,100,0,0,0,0,0,0,2,1000,1000,0,2,0
72110,乖乖虎冰冰,1,1114,100,0,0,0,0,0,0,2,1000,1000,0,2,0
72111,乖乖虎冰冰,1,1114,100,0,0,0,0,0,0,2,1000,1000,0,2,0
72112,乖乖虎冰冰,1,1114,100,0,0,0,0,0,0,2,1000,1000,0,2,0
72210,暗魂守卫.奥伦,1,1125,100,0,0,0,0,0,0,2,1000,1000,0,1,0
72211,暗魂守卫.奥伦,1,1126,100,0,0,0,0,0,0,2,1000,1000,0,1,0
72212,暗魂守卫.奥伦,1,1127,100,0,0,0,0,0,0,2,1000,1000,0,1,0
72560,龙魂近卫.赛弗,1,1249,100,0,0,0,0,0,0,2,1000,1000,0,1,0
72561,龙魂近卫.赛弗,1,1250,100,0,0,0,0,0,0,2,1000,1000,0,1,0
72562,龙魂近卫.赛弗,1,1251,100,0,0,0,0,0,0,2,1000,1000,0,1,0
72220,冥河戒灵.维列,1,1206,100,0,0,0,0,0,0,2,1000,1000,0,2,0
72221,冥河戒灵.维列,1,1207,100,0,0,0,0,0,0,2,1000,1000,0,2,0
72222,冥河戒灵.维列,1,1208,100,0,0,0,0,0,0,2,1000,1000,0,2,0
//,,,,,,,,,,,,,,,,
//,,,,,,,,,,,,,,,,
//暗黑龙骑、骑士团守护,,,,,,,,,,,,,,,,
10795,守护骑士,111,1481,125,302928,0,1322,1454,0,130,10,1000,1000,0,0,0
//暗黑龙骑、骑士团冲锋,,,,,,,,,,,,,,,,
10836,黑暗骑士,111,1480,125,302928,0,1322,1454,0,130,10,1000,1000,0,0,0
//亡灵巫师- 暗沙邪龙,,,,,,,,,,,,,,,,
1430,暗杀邪龙,112,1430,125,302928,0,1322,1454,0,130,10,1000,1000,0,0,0
//亡灵巫师,冥国圣女,,,,,,,,,,,,,,,
1429,冥国圣女,113,1429,125,302928,0,1322,1454,0,130,10,1000,1000,0,0,0
//亡灵巫师,亡念巫灵,,,,,,,,,,,,,,,
1431,亡念巫灵,114,1431,125,302928,0,1322,1454,0,130,10,1000,1000,0,0,0
//亡灵巫师，深渊恶灵,,,,,,,,,,,,,,,,
1434,深渊恶灵,1,1434,125,302928,0,1322,1454,0,130,10,1000,1000,0,0,0
//亡灵巫师，地狱邪蝠,,,,,,,,,,,,,,,,
1433,地狱邪蝠,1,1433,125,302928,0,1322,1454,0,130,10,1000,1000,0,0,0
//亡灵巫师，蚀魂巫灵,,,,,,,,,,,,,,,,
1432,蚀魂巫灵,1,1432,125,302928,0,1322,1454,0,130,10,1000,1000,0,0,0
//幻兽,,,,,,,,,,,,,,,,
72040,蓝玫精灵萝曼,1,1123,100,0,0,0,0,0,0,2,1000,1000,0,1,0
72041,蓝玫精灵萝曼,1,1123,100,0,0,0,0,0,0,2,1000,1000,0,1,0
72042,蓝玫精灵萝曼,1,1123,100,0,0,0,0,0,0,2,1000,1000,0,1,0
72140,粉玫精灵梵雅,1,1124,100,0,0,0,0,0,0,2,1000,1000,0,2,0
72141,粉玫精灵梵雅,1,1124,100,0,0,0,0,0,0,2,1000,1000,0,2,0
72142,粉玫精灵梵雅,1,1124,100,0,0,0,0,0,0,2,1000,1000,0,2,0
72350,海盗熊猫潘塔,1,1128,100,0,0,0,0,0,0,2,1000,1000,0,2,0
72351,海盗熊猫潘塔,1,1128,100,0,0,0,0,0,0,2,1000,1000,0,2,0
72352,海盗熊猫潘塔,1,1128,100,0,0,0,0,0,0,2,1000,1000,0,2,0
72360,眼罩熊.祖罗,1,1129,100,0,0,0,0,0,0,2,1000,1000,0,2,0
72361,眼罩熊.祖罗,1,1129,100,0,0,0,0,0,0,2,1000,1000,0,2,0
72362,眼罩熊.祖罗,1,1129,100,0,0,0,0,0,0,2,1000,1000,0,2,0
72370,闪电翼.桑德,1,1130,100,0,0,0,0,0,0,2,1000,1000,0,2,0
72371,闪电翼.桑德,1,1130,100,0,0,0,0,0,0,2,1000,1000,0,2,0
72372,闪电翼.桑德,1,1130,100,0,0,0,0,0,0,2,1000,1000,0,2,0
73310,光明守卫,1,1131,100,0,0,0,0,0,0,2,1000,1000,0,1,0
73311,光明守卫,1,1132,100,0,0,0,0,0,0,2,1000,1000,0,1,0
73312,光明守卫,1,1133,100,0,0,0,0,0,0,2,1000,1000,0,1,0
73320,自然守卫,1,1134,100,0,0,0,0,0,0,2,1000,1000,0,1,0
73321,自然守卫,1,1135,100,0,0,0,0,0,0,2,1000,1000,0,1,0
73322,自然守卫,1,1136,100,0,0,0,0,0,0,2,1000,1000,0,1,0
73330,潮汐守卫,1,1137,100,0,0,0,0,0,0,2,1000,1000,0,1,0
73331,潮汐守卫,1,1138,100,0,0,0,0,0,0,2,1000,1000,0,1,0
73332,潮汐守卫,1,1139,100,0,0,0,0,0,0,2,1000,1000,0,1,0
73340,烈焰守卫,1,1140,100,0,0,0,0,0,0,2,1000,1000,0,1,0
73341,烈焰守卫,1,1141,100,0,0,0,0,0,0,2,1000,1000,0,1,0
73342,烈焰守卫,1,1142,100,0,0,0,0,0,0,2,1000,1000,0,1,0
73350,大地守卫,1,1143,100,0,0,0,0,0,0,2,1000,1000,0,1,0
73351,大地守卫,1,1144,100,0,0,0,0,0,0,2,1000,1000,0,1,0
73352,大地守卫,1,1145,100,0,0,0,0,0,0,2,1000,1000,0,1,0
72380,玫瑰鲸.雯雯,1,1163,100,0,0,0,0,0,0,2,1000,1000,0,1,0
72381,玫瑰鲸.雯雯,1,1163,100,0,0,0,0,0,0,2,1000,1000,0,1,0
72382,玫瑰鲸.雯雯,1,1163,100,0,0,0,0,0,0,2,1000,1000,0,2,0
72390,曙光鲸.怕怕,1,1164,100,0,0,0,0,0,0,2,1000,1000,0,2,0
72391,曙光鲸.怕怕,1,1164,100,0,0,0,0,0,0,2,1000,1000,0,2,0
72392,曙光鲸.怕怕,1,1164,100,0,0,0,0,0,0,2,1000,1000,0,1,0
72400,地狱公主.依依,1,1165,100,0,0,0,0,0,0,2,1000,1000,0,1,0
72401,地狱公主.依依,1,1165,100,0,0,0,0,0,0,2,1000,1000,0,1,0
72402,地狱公主.依依,1,1165,100,0,0,0,0,0,0,2,1000,1000,0,2,0
72410,深渊领主.奇奇,1,1166,100,0,0,0,0,0,0,2,1000,1000,0,2,0
72411,深渊领主.奇奇,1,1166,100,0,0,0,0,0,0,2,1000,1000,0,2,0
72412,深渊领主.奇奇,1,1166,100,0,0,0,0,0,0,2,1000,1000,0,2,0
72420,烈火之灵.炎浪,1,1167,100,0,0,0,0,0,0,2,1000,1000,0,2,0
72421,烈火之灵.炎浪,1,1167,100,0,0,0,0,0,0,2,1000,1000,0,2,0
72422,烈火之灵.炎浪,1,1167,100,0,0,0,0,0,0,2,1000,1000,0,2,0
73710,虚无神使.雷索,1,1170,100,0,0,0,0,0,0,2,1000,1000,0,1,0
73711,虚无神使.雷索,1,1171,100,0,0,0,0,0,0,2,1000,1000,0,1,0
73712,虚无神使.雷索,1,1172,100,0,0,0,0,0,0,2,1000,1000,0,1,0
73720,幻源神使.诺哲,1,1173,100,0,0,0,0,0,0,2,1000,1000,0,2,0
73721,幻源神使.诺哲,1,1174,100,0,0,0,0,0,0,2,1000,1000,0,2,0
73722,幻源神使.诺哲,1,1175,100,0,0,0,0,0,0,2,1000,1000,0,2,0
73730,潮汐歌者梅,1,1176,100,0,0,0,0,0,0,2,1000,1000,0,1,0
73731,潮汐歌者梅,1,1177,100,0,0,0,0,0,0,2,1000,1000,0,1,0
73732,潮汐歌者梅,1,1178,100,0,0,0,0,0,0,2,1000,1000,0,1,0
73740,海心魅女梅,1,1179,100,0,0,0,0,0,0,2,1000,1000,0,2,0
73741,海心魅女梅,1,1180,100,0,0,0,0,0,0,2,1000,1000,0,2,0
73742,海心魅女梅,1,1181,100,0,0,0,0,0,0,2,1000,1000,0,2,0
73750,极光独角兽.欧罗,1,1182,100,0,0,0,0,0,0,2,1000,1000,0,4,0
73751,极光独角兽.欧罗,1,1183,100,0,0,0,0,0,0,2,1000,1000,0,4,0
73752,极光独角兽.欧罗,1,1184,100,0,0,0,0,0,0,2,1000,1000,0,4,0
73760,水晶独角兽.瑞姆,1,1185,100,0,0,0,0,0,0,2,1000,1000,0,5,0
73761,水晶独角兽.瑞姆,1,1186,100,0,0,0,0,0,0,2,1000,1000,0,5,0
73762,水晶独角兽.瑞姆,1,1187,100,0,0,0,0,0,0,2,1000,1000,0,5,0
73770,冥约传承者,1,1188,100,0,0,0,0,0,0,2,1000,1000,0,2,0
73771,冥约传承者,1,1189,100,0,0,0,0,0,0,2,1000,1000,0,2,0
73772,冥约传承者,1,1190,100,0,0,0,0,0,0,2,1000,1000,0,2,0
73780,冥约守护者,1,1191,100,0,0,0,0,0,0,2,1000,1000,0,1,0
73781,冥约守护者,1,1192,100,0,0,0,0,0,0,2,1000,1000,0,1,0
73782,冥约守护者,1,1193,100,0,0,0,0,0,0,2,1000,1000,0,1,0
73790,炎龙戈科斯,1,1194,100,0,0,0,0,0,0,2,1000,1000,0,1,0
73791,炎龙戈科斯,1,1195,100,0,0,0,0,0,0,2,1000,1000,0,1,0
73792,炎龙戈科斯,1,1196,100,0,0,0,0,0,0,2,1000,1000,0,1,0
73800,幽龙萨思丁,1,1197,100,0,0,0,0,0,0,2,1000,1000,0,2,0
73801,幽龙萨思丁,1,1198,100,0,0,0,0,0,0,2,1000,1000,0,2,0
73802,幽龙萨思丁,1,1199,100,0,0,0,0,0,0,2,1000,1000,0,2,0
73810,心弦歌者.艾拉,1,1200,100,0,0,0,0,0,0,2,1000,1000,0,1,0
73811,心弦歌者.艾拉,1,1201,100,0,0,0,0,0,0,2,1000,1000,0,1,0
73812,心弦歌者.艾拉,1,1202,100,0,0,0,0,0,0,2,1000,1000,0,1,0
73820,天琴翼灵.俄斐,1,1203,100,0,0,0,0,0,0,2,1000,1000,0,2,0
73821,天琴翼灵.俄斐,1,1204,100,0,0,0,0,0,0,2,1000,1000,0,2,0
73822,天琴翼灵.俄斐,1,1205,100,0,0,0,0,0,0,2,1000,1000,0,2,0
72600,企鹅巫师.格格,1,1210,100,0,0,0,0,0,0,2,1000,1000,0,2,0
72601,企鹅巫师.格格,1,1210,100,0,0,0,0,0,0,2,1000,1000,0,2,0
72602,企鹅巫师.格格,1,1210,100,0,0,0,0,0,0,2,1000,1000,0,2,0
72590,企鹅伯爵.赫赫鲁,1,1211,100,0,0,0,0,0,0,2,1000,1000,0,1,0
72591,企鹅伯爵.赫赫鲁,1,1211,100,0,0,0,0,0,0,2,1000,1000,0,1,0
72592,企鹅伯爵.赫赫鲁,1,1211,100,0,0,0,0,0,0,2,1000,1000,0,1,0
72450,暗黑猎手.索恩,1,1212,100,0,0,0,0,0,0,2,1000,1000,0,2,0
72451,暗黑猎手.索恩,1,1213,100,0,0,0,0,0,0,2,1000,1000,0,2,0
72452,暗黑猎手.索恩,1,1214,100,0,0,0,0,0,0,2,1000,1000,0,2,0
72500,地狱邪虎.因斯,1,1215,100,0,0,0,0,0,0,2,1000,1000,0,2,0
72501,地狱邪虎.因斯,1,1216,100,0,0,0,0,0,0,2,1000,1000,0,2,0
72502,地狱邪虎.因斯,1,1217,100,0,0,0,0,0,0,2,1000,1000,0,2,0
72490,冥国圣女.迦娜,1,1218,100,0,0,0,0,0,0,2,1000,1000,0,2,0
72491,冥国圣女.迦娜,1,1219,100,0,0,0,0,0,0,2,1000,1000,0,2,0
72492,冥国圣女.迦娜,1,1220,100,0,0,0,0,0,0,2,1000,1000,0,2,0
72470,深渊恶灵.厄伦,1,1221,100,0,0,0,0,0,0,2,1000,1000,0,2,0
72471,深渊恶灵.厄伦,1,1222,100,0,0,0,0,0,0,2,1000,1000,0,2,0
72472,深渊恶灵.厄伦,1,1223,100,0,0,0,0,0,0,2,1000,1000,0,2,0
72480,魂祭骑士.伏塔,1,1224,100,0,0,0,0,0,0,2,1000,1000,0,2,0
72481,魂祭骑士.伏塔,1,1225,100,0,0,0,0,0,0,2,1000,1000,0,2,0
72482,魂祭骑士.伏塔,1,1226,100,0,0,0,0,0,0,2,1000,1000,0,2,0
72460,暗刃督军.瑟斯,1,1227,100,0,0,0,0,0,0,2,1000,1000,0,2,0
72461,暗刃督军.瑟斯,1,1228,100,0,0,0,0,0,0,2,1000,1000,0,2,0
72462,暗刃督军.瑟斯,1,1229,100,0,0,0,0,0,0,2,1000,1000,0,2,0
72440,暗黑翼龙.瑞亚,1,1230,100,0,0,0,0,0,0,2,1000,1000,0,2,0
72441,暗黑翼龙.瑞亚,1,1231,100,0,0,0,0,0,0,2,1000,1000,0,2,0
72442,暗黑翼龙.瑞亚,1,1232,100,0,0,0,0,0,0,2,1000,1000,0,2,0
72090,魔力狗.萌萌,1,1233,100,0,0,0,0,0,0,2,1000,1000,0,2,0
72091,魔力狗.萌萌,1,1233,100,0,0,0,0,0,0,2,1000,1000,0,2,0
72092,魔力狗.萌萌,1,1233,100,0,0,0,0,0,0,2,1000,1000,0,2,0
72270,娇羞熊.菲比,1,1234,100,0,0,0,0,0,0,2,1000,1000,0,1,0
72271,娇羞熊.菲比,1,1234,100,0,0,0,0,0,0,2,1000,1000,0,1,0
72272,娇羞熊.菲比,1,1234,100,0,0,0,0,0,0,2,1000,1000,0,1,0
72190,圣诞雪福.丝娜,1,1235,100,0,0,0,0,0,0,2,1000,1000,0,2,0
72191,圣诞雪福.丝娜,1,1235,100,0,0,0,0,0,0,2,1000,1000,0,2,0
72192,圣诞雪福.丝娜,1,1235,100,0,0,0,0,0,0,2,1000,1000,0,2,0
72180,圣诞雪瑞.赫普,1,1236,100,0,0,0,0,0,0,2,1000,1000,0,1,0
72181,圣诞雪瑞.赫普,1,1236,100,0,0,0,0,0,0,2,1000,1000,0,1,0
72182,圣诞雪瑞.赫普,1,1236,100,0,0,0,0,0,0,2,1000,1000,0,1,0
72650,火焰战士.库库奇,1,1242,100,0,0,0,0,0,0,2,1000,1000,0,1,0
72651,火焰战士.库库奇,1,1242,100,0,0,0,0,0,0,2,1000,1000,0,1,0
72652,火焰战士.库库奇,1,1242,100,0,0,0,0,0,0,2,1000,1000,0,1,0
72660,粉晶法师.维维亚,1,1243,100,0,0,0,0,0,0,2,1000,1000,0,2,0
72661,粉晶法师.维维亚,1,1243,100,0,0,0,0,0,0,2,1000,1000,0,2,0
72662,粉晶法师.维维亚,1,1243,100,0,0,0,0,0,0,2,1000,1000,0,2,0
72300,极光之灵.紫焰,1,1244,100,0,0,0,0,0,0,2,1000,1000,0,2,0
72301,极光之灵.紫焰,1,1244,100,0,0,0,0,0,0,2,1000,1000,0,2,0
72302,极光之灵.紫焰,1,1244,100,0,0,0,0,0,0,2,1000,1000,0,2,0
71350,星幻精灵.希蓝,1,1247,100,0,0,0,0,0,0,2,1000,1000,0,1,0
71351,星幻精灵.希蓝,1,1247,100,0,0,0,0,0,0,2,1000,1000,0,1,0
71352,星幻精灵.希蓝,1,1247,100,0,0,0,0,0,0,2,1000,1000,0,1,0
71360,星彩精灵.希梦,1,1248,100,0,0,0,0,0,0,2,1000,1000,0,2,0
71361,星彩精灵.希梦,1,1248,100,0,0,0,0,0,0,2,1000,1000,0,2,0
71362,星彩精灵.希梦,1,1248,100,0,0,0,0,0,0,2,1000,1000,0,2,0
74000,幻影猫.卡达斯,1,1255,100,0,0,0,0,0,0,2,1000,1000,0,2,0
74001,幻影猫.卡达斯,1,1255,100,0,0,0,0,0,0,2,1000,1000,0,2,0
74002,幻影猫.卡达斯,1,1255,100,0,0,0,0,0,0,2,1000,1000,0,2,0
73060,四海剑灵.阿拉索,1,1499,100,0,0,0,0,0,0,2,1000,1000,0,1,0
73061,四海剑灵.阿拉索,1,1499,100,0,0,0,0,0,0,2,1000,1000,0,1,0
73062,四海剑灵.阿拉索,1,1499,100,0,0,0,0,0,0,2,1000,1000,0,1,0
73110,深水魔女.席丽丝,1,1500,100,0,0,0,0,0,0,2,1000,1000,0,1,0
73111,深水魔女.席丽丝,1,1500,100,0,0,0,0,0,0,2,1000,1000,0,1,0
73112,深水魔女.席丽丝,1,1500,100,0,0,0,0,0,0,2,1000,1000,0,1,0
73090,狮心骑士.古兰斯,1,1501,100,0,0,0,0,0,0,2,1000,1000,0,1,0
73091,狮心骑士.古兰斯,1,1501,100,0,0,0,0,0,0,2,1000,1000,0,1,0
73092,狮心骑士.古兰斯,1,1501,100,0,0,0,0,0,0,2,1000,1000,0,1,0
73120,兽王将军.萨尔瓦,1,1502,100,0,0,0,0,0,0,2,1000,1000,0,1,0
73121,兽王将军.萨尔瓦,1,1502,100,0,0,0,0,0,0,2,1000,1000,0,1,0
73122,兽王将军.萨尔瓦,1,1502,100,0,0,0,0,0,0,2,1000,1000,0,1,0
73170,吞噬者.哈尔比,1,1504,100,0,0,0,0,0,0,2,1000,1000,0,1,0
73171,吞噬者.哈尔比,1,1504,100,0,0,0,0,0,0,2,1000,1000,0,1,0
73172,吞噬者.哈尔比,1,1504,100,0,0,0,0,0,0,2,1000,1000,0,1,0
73150,寇德之影,1,1505,100,0,0,0,0,0,0,2,1000,1000,0,1,0
73151,寇德之影,1,1505,100,0,0,0,0,0,0,2,1000,1000,0,1,0
73152,寇德之影,1,1505,100,0,0,0,0,0,0,2,1000,1000,0,1,0
73070,白银骑士.库麦尔,1,1507,100,0,0,0,0,0,0,2,1000,1000,0,1,0
73071,白银骑士.库麦尔,1,1507,100,0,0,0,0,0,0,2,1000,1000,0,1,0
73072,白银骑士.库麦尔,1,1507,100,0,0,0,0,0,0,2,1000,1000,0,1,0
73130,飞天魔盗.达斯,1,1508,100,0,0,0,0,0,0,2,1000,1000,0,1,0
73131,飞天魔盗.达斯,1,1508,100,0,0,0,0,0,0,2,1000,1000,0,1,0
73132,飞天魔盗.达斯,1,1508,100,0,0,0,0,0,0,2,1000,1000,0,1,0
73080,矮人王.艾伦塔尔,1,1509,100,0,0,0,0,0,0,2,1000,1000,0,1,0
73081,矮人王.艾伦塔尔,1,1509,100,0,0,0,0,0,0,2,1000,1000,0,1,0
73082,矮人王.艾伦塔尔,1,1509,100,0,0,0,0,0,0,2,1000,1000,0,1,0
73140,黑暗诗寇蒂,1,1510,100,0,0,0,0,0,0,2,1000,1000,0,1,0
73141,黑暗诗寇蒂,1,1510,100,0,0,0,0,0,0,2,1000,1000,0,1,0
73142,黑暗诗寇蒂,1,1510,100,0,0,0,0,0,0,2,1000,1000,0,1,0
73160,魔王傀儡,1,1511,100,0,0,0,0,0,0,2,1000,1000,0,1,0
73161,魔王傀儡,1,1511,100,0,0,0,0,0,0,2,1000,1000,0,1,0
73162,魔王傀儡,1,1511,100,0,0,0,0,0,0,2,1000,1000,0,1,0
73190,紫翼皇龙.达诺斯,1,1514,100,0,0,0,0,0,0,2,1000,1000,0,5,0
73191,紫翼皇龙.达诺斯,1,1514,100,0,0,0,0,0,0,2,1000,1000,0,5,0
73192,紫翼皇龙.达诺斯,1,1514,100,0,0,0,0,0,0,2,1000,1000,0,5,0
73200,紫翼凤灵.伊瑞娜,1,1515,100,0,0,0,0,0,0,2,1000,1000,0,4,0
73201,紫翼凤灵.伊瑞娜,1,1515,100,0,0,0,0,0,0,2,1000,1000,0,4,0
73202,紫翼凤灵.伊瑞娜,1,1515,100,0,0,0,0,0,0,2,1000,1000,0,4,0
72810,天火麒麟兽,1,1840,100,0,0,0,0,0,0,2,1000,1000,0,5,0
72811,天火麒麟兽,1,1841,100,0,0,0,0,0,0,2,1000,1000,0,5,0
72812,天火麒麟兽,1,1842,100,0,0,0,0,0,0,2,1000,1000,0,5,0
72820,霜炼麒麟兽,1,1850,100,0,0,0,0,0,0,2,1000,1000,0,4,0
72821,霜炼麒麟兽,1,1851,100,0,0,0,0,0,0,2,1000,1000,0,4,0
72822,霜炼麒麟兽,1,1852,100,0,0,0,0,0,0,2,1000,1000,0,4,0
72930,不死鸟菲尼克,1,1940,100,0,0,0,0,0,0,2,1000,1000,0,5,0
72931,不死鸟菲尼克,1,1941,100,0,0,0,0,0,0,2,1000,1000,0,5,0
72932,不死鸟菲尼克,1,1942,100,0,0,0,0,0,0,2,1000,1000,0,5,0
72540,蜜语魅狐.曼陀丽,1,2000,100,0,0,0,0,0,0,2,1000,1000,0,5,0
72541,蜜语魅狐.曼陀丽,1,2000,100,0,0,0,0,0,0,2,1000,1000,0,5,0
72542,蜜语魅狐.曼陀丽,1,2000,100,0,0,0,0,0,0,2,1000,1000,0,5,0
73950,霜风圣羚.潘恩,1,2010,100,0,0,0,0,0,0,2,1000,1000,0,5,0
73951,霜风圣羚.潘恩,1,2010,100,0,0,0,0,0,0,2,1000,1000,0,5,0
73952,霜风圣羚.潘恩,1,2010,100,0,0,0,0,0,0,2,1000,1000,0,5,0
73960,星虹魔羚.法恩,1,2011,100,0,0,0,0,0,0,2,1000,1000,0,5,0
73961,星虹魔羚.法恩,1,2011,100,0,0,0,0,0,0,2,1000,1000,0,5,0
73962,星虹魔羚.法恩,1,2011,100,0,0,0,0,0,0,2,1000,1000,0,5,0
72690,飞天魔毯.埃努,1,2007,100,0,0,0,0,0,0,2,1000,1000,0,5,0
72691,飞天魔毯.埃努,1,2007,100,0,0,0,0,0,0,2,1000,1000,0,5,0
72692,飞天魔毯.埃努,1,2007,100,0,0,0,0,0,0,2,1000,1000,0,5,0
72700,雪鬃夜影.斯卡夏,1,2008,100,0,0,0,0,0,0,2,1000,1000,0,5,0
72701,雪鬃夜影.斯卡夏,1,2008,100,0,0,0,0,0,0,2,1000,1000,0,5,0
72702,雪鬃夜影.斯卡夏,1,2008,100,0,0,0,0,0,0,2,1000,1000,0,5,0
72940,圣诞魔力熊.阿卡,1,2009,100,0,0,0,0,0,0,2,1000,1000,0,5,0
72941,圣诞魔力熊.阿卡,1,2009,100,0,0,0,0,0,0,2,1000,1000,0,5,0
72942,圣诞魔力熊.阿卡,1,2009,100,0,0,0,0,0,0,2,1000,1000,0,5,0
72970,霜风圣狼.冰牙,1,2017,100,0,0,0,0,0,0,2,1000,1000,0,5,0
72971,霜风圣狼.冰牙,1,2017,100,0,0,0,0,0,0,2,1000,1000,0,5,0
72972,霜风圣狼.冰牙,1,2017,100,0,0,0,0,0,0,2,1000,1000,0,5,0
72980,霜风圣狼.雪爪,1,2018,100,0,0,0,0,0,0,2,1000,1000,0,5,0
72981,霜风圣狼.雪爪,1,2018,100,0,0,0,0,0,0,2,1000,1000,0,5,0
72982,霜风圣狼.雪爪,1,2018,100,0,0,0,0,0,0,2,1000,1000,0,5,0
//73100,神影兽O型,1,363,100,0,0,0,0,0,0,6,1000,1000,0,2,0
//73101,神影兽O型,1,363,100,0,0,0,0,0,0,6,1000,1000,0,2,0
//73102,神影兽O型,1,363,100,0,0,0,0,0,0,6,1000,1000,0,2,0
//71980,神影兽XO型,1,349,100,0,0,0,0,0,0,6,1000,1000,0,2,0
//71981,神影兽XO型,1,349,100,0,0,0,0,0,0,6,1000,1000,0,2,0
//71982,神影兽XO型,1,349,100,0,0,0,0,0,0,6,1000,1000,0,2,0
74020,斗天灵猴・圣行者,1,1257,100,0,0,0,0,0,0,6,1000,1000,0,1,0
74021,斗天灵猴・圣行者,1,1258,100,0,0,0,0,0,0,6,1000,1000,0,1,0
74022,斗天灵猴・圣行者,1,1259,100,0,0,0,0,0,0,6,1000,1000,0,1,0
74030,斗天战神・孙悟空,1,1260,100,0,0,0,0,0,0,6,1000,1000,0,1,0
74031,斗天战神・孙悟空,1,1261,100,0,0,0,0,0,0,6,1000,1000,0,1,0
74032,斗天战神・孙悟空,1,1262,100,0,0,0,0,0,0,6,1000,1000,0,1,0
//打年地图,,,,,,,,,,,,,,,,
11111,11层护卫,1,1447,200,10,0,1,1,500000,0,6,1000,1000,0,2,10100
11112,12层护卫,1,1444,200,10,0,1,1,500000,0,6,1000,1000,0,2,10101
11113,13层护卫,1,1443,200,10,0,1,1,500000,0,6,1000,1000,0,2,10102
11114,14层护卫,1,1442,200,10,0,1,1,500000,0,6,1000,1000,0,2,10103
11115,15层护卫,1,1441,200,10,0,1,1,500000,0,6,1000,1000,0,2,10104
11116,16层护卫,1,1440,200,10,0,1,1,500000,0,6,1000,1000,0,2,10105
11117,17层护卫,1,1452,200,10,0,1,1,500000,0,6,1000,1000,0,2,10106
11118,18层护卫,1,1438,200,10,0,1,1,500000,0,6,1000,1000,0,2,10107
//观赏怪物,,,,,,,,,,,,,,,,
11120,观赏怪物-孙悟空,111,1262,200,10,0,1,1,500000,0,6,1000,1000,0,2,0
11121,观赏怪物-圣行者,111,1259,200,10,0,1,1,500000,0,6,1000,1000,0,2,0
11122,观赏怪物-魂约着,111,1190,200,10,0,1,1,500000,0,6,1000,1000,0,2,0
11123,观赏怪物-魂约者,111,1193,200,10,0,1,1,500000,0,6,1000,1000,0,2,0
11124,观赏怪物-龙,111,1196,200,10,0,1,1,500000,0,6,1000,1000,0,2,0
11125,观赏怪物-冰雪龙,111,1199,200,10,0,1,1,500000,0,6,1000,1000,0,2,0
11126,观赏怪物-双刀翅膀,111,1175,200,10,0,1,1,500000,0,6,1000,1000,0,2,0
11127,观赏怪物-双刀翅,111,1172,200,10,0,1,1,500000,0,6,1000,1000,0,2,0
11128,观赏怪物-打年18层,111,1438,200,10,0,1,1,500000,0,6,1000,1000,0,2,0
11135,观赏怪物-狮子,111,1927,200,10,0,1,1,500000,0,6,1000,1000,0,2,0
11136,观赏怪物-3头狼,111,1937,200,10,0,1,1,500000,0,6,1000,1000,0,2,0
11129,观赏怪物-骑乘龙,111,1957,200,10,0,1,1,500000,0,6,1000,1000,0,2,0
11130,观赏怪物-骑乘龙,111,1967,200,10,0,1,1,500000,0,6,1000,1000,0,2,0
11131,观赏怪物-猫头鹰,111,2016,200,10,0,1,1,500000,0,6,1000,1000,0,2,0
11132,观赏怪物-苑,111,1452,200,10,0,1,1,500000,0,6,1000,1000,0,2,0
11133,观赏怪物-攻防,111,1436,200,10,0,1,1,500000,0,6,1000,1000,0,2,0
11134,观赏怪物-亡灵大招,111,2018,200,10,0,1,1,500000,0,6,1000,1000,0,2,0
//11150,观赏怪物-花先,111,1447,200,10,0,1,1,500000,0,6,1000,1000,0,2,0
//11136,观赏怪物-好看,111,1451,200,10,0,1,1,500000,0,6,1000,1000,0,2,0
11137,观赏怪物-好看2,111,1449,200,10,0,1,1,500000,0,6,1000,1000,0,2,0
11138,观赏怪物-好看1,111,1445,200,10,0,1,1,500000,0,6,1000,1000,0,2,0
11139,观赏怪物-好看3,111,1446,200,10,0,1,1,500000,0,6,1000,1000,0,2,0
11140,观赏怪物-好看6,111,1444,200,10,0,1,1,500000,0,6,1000,1000,0,2,0
11141,观赏怪物-好看4,111,1443,200,10,0,1,1,500000,0,6,1000,1000,0,2,0
11142,观赏怪物-好看5,111,1440,200,10,0,1,1,500000,0,6,1000,1000,0,2,0
11143,观赏怪物-好看1,111,1441,200,10,0,1,1,500000,0,6,1000,1000,0,2,0
